{
  "components/halothemes/halo-multi-map": "<script type=\"text/javascript\" src=\"https://alita-bridal-demo.mybigcommerce.com/content/haloMultiMap.js\"></script>\r\n<script type=\"text/javascript\">\r\n    var ENVmap = new ENV_map();\r\n    var option = {\r\n        \"token\": \"Envora_free\",\r\n        \"get_list\": \".InfoFindInner\",\r\n        \"get_map\": \".HL-ColRight .mapContact\",\r\n        \"get_search\": \".search_map\",\r\n        \"data\": [\r\n            {\r\n              \"lat\": 32.922179,\r\n              \"lng\": -111.692871,\r\n              \"name\": \"\",\r\n              \"text\": \"<h4 class='halo-location-heading'>Alita Bridal Skyline</h4>\\\r\n                        <p class='halo-location-info location'>2905 East Skyline Drive Tucson, AZ 85718 United States</p>\\\r\n                        <p class='halo-location-info number'>Toll-Free: 1800 000 Alita</p>\"\r\n            }, \r\n            {\r\n                \"lat\": 33.382287, \r\n                \"lng\": -111.964907,\r\n                \"name\": \"\",\r\n                \"text\": \"<h4 class='halo-location-heading'>Alita Store Arizona</h4>\\\r\n                        <p class='halo-location-info location'>5000 Arizona Mills Circle Tempe, AZ 85282 United States</p>\\\r\n                        <p class='halo-location-info number'>Toll-Free: 1800 020 Alita</p>\"\r\n            }, \r\n            {\r\n                \"lat\": 33.503168,\r\n                \"lng\": -111.929448,\r\n                \"name\": \"\",\r\n                \"text\": \"<h4 class='halo-location-heading'>Alita Store Cameback</h4>\\\r\n                        <p class='halo-location-info location'>7014 East CameLback Road Scottsdale, AZ 85251 United States</p>\\\r\n                        <p class='halo-location-info number'>Toll-Free: 1800 030 Alita</p>\"\r\n            }, \r\n            {\r\n                \"lat\": 33.387773,\r\n                \"lng\": -111.510688,\r\n                \"name\": \"\",\r\n                \"text\": \"<h4 class='halo-location-heading'>Alita Store Broadway</h4>\\\r\n                        <p class='halo-location-info location'>5870 East Broadway Boulevard Tucson, AZ 85711 United States</p>\\\r\n                        <p class='halo-location-info number'>Toll-Free: 1800 040 Alita</p>\"\r\n            }, \r\n            {\r\n                \"lat\": 33.447723,\r\n                \"lng\": -112.684586,\r\n                \"name\": \"\",\r\n                \"text\": \"<h4 class='halo-location-heading'>Alita Store Skyline2</h4>\\\r\n                        <p class='halo-location-info location'>7986 East Skyline Drive Tucson, AZ 85718 United States</p>\\\r\n                        <p class='halo-location-info number'>Toll-Free: 1800 050 JEWEL</p>\"\r\n            }\r\n        ],\r\n        \"zoom\": 9,\r\n    };\r\n    ENVmap.config = function() {\r\n        this.vars.icon_defaults = {\r\n            'url': 'http://www.fisherinvestments.com/~/media/fisher-investments/images/social-icons/white-icons/fisher-marketminder-icon.png?h=24&w=24&la=en',\r\n        };\r\n    };\r\n    ENVmap.view(option);\r\n</script>\r\n"
}