{
  "components/products/related": "<div class=\"halo-block halo-block-product\" id=\"halo-related-products\">\n\t<div class=\"container\">\n\t\t<div class=\"halo-block-header\">\n\t        <h2 class=\"title\">{{title}}</h2>\n\t    </div>\n\t    {{#if block_layout}}\n\t\t    {{#if settings.data_tag_enabled}}\n\t\t    \t{{> components/products/carousel\n\t\t    \t\tproducts=products\n\t\t    \t\tproductsnew=productsnew\n\t\t    \t\tblock_id=block_id\n\t\t    \t\tblock_limit=block_limit\n\t\t    \t\tblock_column=block_column\n\t\t    \t\tlist=\"Related Products\"\n\t\t    \t}}\n\t\t    {{else}}\n\t\t    \t{{> components/products/carousel\n\t\t    \t\tproducts=products\n\t\t    \t\tproductsnew=productsnew\n\t\t    \t\tblock_id=block_id\n\t\t    \t\tblock_limit=block_limit\n\t\t    \t\tblock_column=block_column\n\t\t    \t}}\n\t\t    {{/if}}\n\t\t{{else}}\n\t\t\t{{#if settings.data_tag_enabled}}\n\t\t    \t{{> components/products/no-carousel\n\t\t    \t\tproducts=products\n\t\t    \t\tproductsnew=productsnew\n\t\t    \t\tblock_id=block_id\n\t\t    \t\tblock_limit=block_limit\n\t\t    \t\tblock_column=block_column\n\t\t    \t\tlist=\"Related Products\"\n\t\t    \t}}\n\t\t    {{else}}\n\t\t    \t{{> components/products/no-carousel\n\t\t    \t\tproducts=products\n\t\t    \t\tproductsnew=productsnew\n\t\t    \t\tblock_id=block_id\n\t\t    \t\tblock_limit=block_limit\n\t\t    \t\tblock_column=block_column\n\t\t    \t}}\n\t\t    {{/if}}\n\t\t{{/if}}\n\t</div>\n</div>\n",
  "components/products/carousel": "<section class=\"productCarousel\"\n    id=\"{{block_id}}\"\n    data-list-name=\"{{list}}\"\n    data-slick='{\n        \"dots\": true,\n        \"arrows\": false,\n        \"infinite\": false,\n        \"mobileFirst\": true,\n        \"adaptiveHeight\": true,\n        \"infinite\": false,\n        \"slidesToShow\": 1,\n        \"slidesToScroll\": 1,\n        \"slide\": \".js-product-slide\",\n        \"nextArrow\": \"<svg class=&apos;slick-next slick-arrow&apos;><use xlink:href=&apos;#slick-arrow-next2&apos;></use></svg>\", \n        \"prevArrow\": \"<svg class=&apos;slick-prev slick-arrow&apos;><use xlink:href=&apos;#slick-arrow-prev2&apos;></use></svg>\",\n        \"responsive\": [\n            {\n                \"breakpoint\": 1024,\n                \"settings\": {\n                    \"arrows\": true,\n                    \"slidesToShow\": {{block_column}},\n                    \"slidesToScroll\": 1\n                }\n            },\n            {\n                \"breakpoint\": 991,\n                \"settings\": {\n                    \"slidesToShow\": 4,\n                    \"slidesToScroll\": 1\n                }\n            },\n            {\n                \"breakpoint\": 767,\n                \"settings\": {\n                    \"slidesToShow\": 3,\n                    \"slidesToScroll\": 1\n                }\n            },\n            {\n                \"breakpoint\": 320,\n                \"settings\": {\n                    \"slidesToShow\": 2,\n                    \"slidesToScroll\": 1\n                }\n            }\n        ]\n    }'>\n    {{#each (limit products block_limit)}}\n        <div class=\"productCarousel-slide js-product-slide\">\n            {{> components/products/card productsnew=../productsnew settings=../settings theme_settings=../theme_settings customer=../customer event=\"list\" position=(add @index 1)}}\n        </div>\n    {{/each}}\n</section>\n",
  "components/products/no-carousel": "<ul class=\"productGrid col-{{block_column}}\" id=\"{{block_id}}\" data-block=\"{{block_id}}\" data-list-name=\"{{list}}\">\r\n    {{#each (limit products block_limit)}}\r\n        <li class=\"product\">\r\n            {{> components/products/card productsnew=../productsnew settings=../settings theme_settings=../theme_settings customer=../customer event=\"list\" position=(add @index 1)}}\r\n        </li>\r\n    {{/each}}\r\n</ul>\n",
  "components/products/card": "<article class=\"card{{#and (if images.length '>=' 2) (if theme_settings.halo_card_image_swap)}} card-hover{{/and}}\" data-product-id=\"{{id}}\" {{#if settings.data_tag_enabled}} data-event-type=\"{{event}}\" data-entity-id=\"{{id}}\" data-position=\"{{position}}\" data-name=\"{{name}}\" data-product-category=\"{{#each category}}{{#if @last}}{{this}}{{else}}{{this}}, {{/if}}{{/each}}\" data-product-brand=\"{{brand.name}}\" data-product-price=\"{{#if price.with_tax}}{{price.with_tax.value}}{{else}}{{price.without_tax.value}}{{/if}}\"  {{/if}}>\n    <figure class=\"card-figure\">\n        {{#if theme_settings.halo-label-product}}\n            <div class=\"halo-badges halo-badges-{{theme_settings.halo-label-product-position}}\">\n                {{#each productsnew}}\n                    {{#if id '==' ../id}}\n                        <div class=\"new-badge halo-badge\">\n                            <span class=\"text\">{{lang 'products.new_label'}}</span>\n                        </div>\n                    {{/if}}\n                {{/each}}\n                {{#or price.non_sale_price_with_tax price.non_sale_price_without_tax}}\n                    <div class=\"sale-badge halo-badge\">\n                        {{#if price.non_sale_price_with_tax}}\n                            <span class=\"text\">{{lang 'products.sale_label'}}{{round (subtract 100 (multiply (divide price.with_tax.value price.non_sale_price_with_tax.value) 100)) 0}}%</span>\n                        {{/if}}\n                        {{#if price.non_sale_price_without_tax}}\n                            <span class=\"text\">{{lang 'products.sale_label'}}{{round (subtract 100 (multiply (divide price.without_tax.value price.non_sale_price_without_tax.value) 100)) 0}}%</span>\n                        {{/if}}\n                    </div>\n                {{/or}}\n                {{#each custom_fields}}\n                    {{#if name '===' '__customlabel'}}\n                        <div class=\"custom-badge halo-badge\">\n                            <span class=\"text\">{{{value}}}</span>\n                        </div>\n                    {{/if}}\n                {{/each}}\n                {{#if out_of_stock_message}}\n                    <div class=\"soldOut-badge halo-badge\">\n                        <span class=\"text\">{{lang 'products.sold_out_label'}}</span>\n                    </div>\n                {{/if}}\n            </div>\n        {{/if}}\n        <a href=\"{{url}}\" class=\"card-link\" {{#if settings.data_tag_enabled}} data-event-type=\"product-click\" {{/if}}>\n            <div class=\"card-img-container{{#if images.length '<' 1}} card-img-container2{{/if}}\">\n                {{#unless images.length '<' 1}}\n                    {{> components/common/responsive-img\n                        image=image\n                        class=\"card-image\"\n                        fallback_size=theme_settings.gallery_size\n                        lazyload=theme_settings.lazyload_mode\n                        default_image=theme_settings.default_image_product\n                    }}\n                    {{#and (if images.length '>=' 2) (if theme_settings.halo_card_image_swap)}}\n                        {{#each images}}\n                            {{#if @index '==' 1}}\n                                <span class=\"card-image-2\">\n                                    {{> components/common/responsive-img\n                                        image=this\n                                        class=\"\"\n                                        fallback_size=../../theme_settings.gallery_size\n                                        lazyload=../../theme_settings.lazyload_mode\n                                        default_image=../../theme_settings.default_image_product\n                                    }}\n                                </span>\n                            {{/if}}\n                        {{/each}}\n                    {{/and}}\n                {{else}}\n                    {{> components/common/responsive-img\n                        class=\"card-no-image\"\n                        fallback_size=theme_settings.gallery_size\n                        lazyload=theme_settings.lazyload_mode\n                        default_image=theme_settings.default_image_product\n                    }}\n                {{/unless}}\n            </div>\n        </a>\n        {{#if settings.show_wishlist}}\n            <div class=\"card-figure-button\">\n                <a href=\"/wishlist.php?action=add&product_id={{id}}\" class=\"card-wishlist\">\n                    <span class=\"text\">{{lang 'products.wishlist_text'}}</span>\n                    <svg class=\"icon\" role=\"img\" aria-label=\"{{lang 'account.wishlists.heading'}}\">\n                        <title>{{lang 'account.wishlists.heading'}}</title>\n                        <desc>{{lang 'account.wishlists.heading'}}</desc>\n                        <use xlink:href=\"#icon-heart\"></use>\n                    </svg>\n                </a>\n            </div>\n        {{/if}}\n    </figure>\n    <div class=\"card-body\">\n        <div class=\"card-body-content\">\n            {{#and (if brand.name) (if theme_settings.halo_card_brand)}}\n                <p class=\"card-text\" data-test-info-type=\"brandName\">{{brand.name}}</p>\n            {{/and}}\n            <h4 class=\"card-title\">\n                {{#if theme_settings.halo_card_title '==' 'ellipsis'}}\n                    <a href=\"{{url}}\" class=\"card-ellipsis\" {{#if settings.data_tag_enabled}} data-event-type=\"product-click\" {{/if}} style=\"-webkit-box-orient: vertical;\">\n                        {{name}}\n                    </a>\n                {{else}}\n                    <a href=\"{{url}}\" {{#if settings.data_tag_enabled}} data-event-type=\"product-click\" {{/if}}>\n                        {{name}}\n                    </a>\n                {{/if}}\n            </h4>\n            {{#and (if settings.show_product_rating) (if theme_settings.halo_card_ratings)}}\n                <p class=\"card-rating\" data-test-info-type=\"productRating\">\n                    <span class=\"rating--small\">\n                        {{> components/products/ratings rating=rating}}\n                    </span>\n                    {{#if num_reviews}}\n                        <span class=\"rating--count\">({{num_reviews}})</span>\n                    {{/if}}\n                </p>\n            {{/and}}\n            <div class=\"card-price\" data-test-info-type=\"price\">\n                {{#or customer (if theme_settings.restrict_to_login '!==' true)}}\n                    {{> components/products/price price=price}}\n                {{else}}\n                    {{> components/common/login-for-pricing}}\n                {{/or}}\n            </div>\n            {{#if theme_settings.haloAddOptionForProduct}}\n                <div class=\"card-option card-option-{{id}}\">\n                    <div class=\"form-field\"></div>\n                </div>\n            {{/if}}\n        </div>\n        <div class=\"card-body-button\">\n            {{#unless hide_product_quick_view}}\n                {{#if theme_settings.show_product_quick_view}}\n                    {{#if settings.data_tag_enabled}}\n                        <a class=\"card-quickview{{#if theme_settings.show_product_quick_view_mobile}} card-quickview-mobile{{/if}}\" href=\"#\" data-event-type=\"product-click\" data-product-id=\"{{id}}\">{{lang 'products.quick_view'}}</a>\n                    {{else}}\n                        <a class=\"card-quickview{{#if theme_settings.show_product_quick_view_mobile}} card-quickview-mobile{{/if}}\" href=\"#\" data-product-id=\"{{id}}\">{{lang 'products.quick_view'}}</a>\n                    {{/if}}\n                {{/if}}\n            {{/unless}}\n\n            <!-- Product QuickAdd Code - Home Page-->\n\n            <!-- {{#or customer (if theme_settings.restrict_to_login '!==' true)}}\n                {{#if show_cart_action}}\n                    {{#if has_options}}\n                        {{#if theme_settings.halo_quick_shop}}\n                            <a href=\"#\" data-event-type=\"product-click\" class=\"card-action halo-quick-shop\" data-product-id=\"{{id}}\">\n                                <span>{{lang 'products.quick_shop'}}</span>\n                            </a>\n                        {{else}}\n                            <a href=\"{{url}}\" data-event-type=\"product-click\" class=\"card-action\">\n                                <span>{{lang 'products.choose_options'}}</span>\n                            </a>\n                        {{/if}}\n                    {{/if}}\n                    {{#if pre_order}}\n                        <a href=\"{{pre_order_add_to_cart_url}}\" data-event-type=\"product-click\" class=\"card-action\">\n                            <span>{{lang 'products.pre_order'}}</span>\n                        </a>\n                    {{/if}}\n                    {{#if add_to_cart_url }}\n                        <a href=\"{{add_to_cart_url}}\" data-event-type=\"product-click\" class=\"card-action{{#unless settings.data_tag_enabled}}{{#and (if theme_settings.haloAjaxAddToCart) (if theme_settings.haloAddToCartAction '!==' 'cart')}} halo-add-to-cart{{/and}}{{/unless}}\" data-product-id=\"{{id}}\" data-wait-message=\"{{lang 'products.adding_to_cart'}}\">\n                            <span>{{lang 'products.add_to_cart'}}</span>\n                        </a>\n                    {{/if}}\n                    {{#if out_of_stock_message }}\n                        <a href=\"{{url}}\" data-event-type=\"product-click\" class=\"card-action card-out-of-stock\">\n                            <span>{{out_of_stock_message}}</span>\n                        </a>\n                    {{/if}}\n                {{/if}}\n            {{/or}} -->\n        </div>\n    </div>\n    {{#if theme_settings.halo_quick_shop}}\n        <div class=\"card-footer\"></div>\n    {{/if}}\n</article>\n",
  "components/common/responsive-img": "{{!--\nThis file implements the lazysizes srcset pattern (as seen on\nhttps://github.com/aFarkas/lazysizes#modern-transparent-srcset-pattern) for maximum performance on modern browsers\nand reasonable compatibility with legacy browsers.\n\nThere are a few important arguments to know about when using this component:\n`lazyload`:\n    - If set to 'lazyload+lqip', will load a low-res image which will be replaced by lazysizes - ensuring that SOME\n    content is shown immediately on page load. Without LQIP, a transparent gif will be used instead, which reduces\n    the number of requests needed to load the page, making it even faster.\n    - If set to 'lazyload', the browser will not load the full-size image at first, instead the lazysizes plugin will\n        load it progressively after page load. This improves the load speed of the page, but it should be disabled for\n        high-priority above-the-fold images.\n    - If set to 'disabled', will not attempt to lazyload the image and instead tell the browser to load it immediately.\n        Use this for high-priority images that are above the fold.\n\n`fallback_size`:\n    This is the size to use for this image in legacy browsers that do not support srcset.\n    Can be defined as a pixel bounding-box size (e.g. \"123x123) or inherent width (e.g. \"123w\").\n\n`class`:\n    The CSS classes to add to the image, e.g. \"card-image\". If lazyloading is enabled, all images will have the\n    \"lazyload\" class so that lazysizes will target them automatically.\n\n`otherAttributes`:\n    Any other HTML attributes you want on the img tag, for example \"height='100' width='100'\"\n\n`default_image`:\n    The default image to use if `image` is undefined or falsy. Should be a theme asset, usually defined as a relative\n    path in the theme config. If a default image is not provided, you'll get an image tag with no image if the primary\n    image is undefined.\n\n`lqip_size`:\n    If you want to specify a particular size for the LQIP image, you can do so with this argument. A default of 80\n    pixels wide will be used otherwise. This argument has no effect if the lazyload mode is not \"lazyload+lqip\".\n\n--}}\n<img {{#if image}}{{!-- Get the default image for legacy browsers that do not support srcset\n--}}src=\"{{getImageSrcset image 1x=(default fallback_size '160w')}}\" alt=\"{{image.alt}}\" title=\"{{image.alt}}\" {{!--\n  Allow lazysizes to generate the 'sizes' attribute automatically --}}data-sizes=\"auto\"\n  {{#unless lazyload '==' 'disabled'}}\n    {{#if lazyload '==' 'lazyload+lqip'}}\n    {{!-- If we want a LQIP, include it as the default srcset (will be overwritten by lazysizes) --}}\n    srcset=\"{{getImageSrcset image 1x=(default lqip_size '80w')}}\"\n    {{else}}\n      {{!-- If we don't want a LQIP, use a 1px transparent gif for the stand-in image\n            This requires no additional network request, so it's fast --}}\n    srcset=\"data:image/gif;base64,R0lGODlhAQABAIAAAP///wAAACH5BAEAAAAALAAAAAABAAEAAAICRAEAOw==\"\n    {{/if}}\n{{/unless}}\n{{!-- If lazyloading is disabled, just use \"srcset\". If it is not disabled, use \"data-srcset\" so lazysizes will use\n      this after page load --}}\n{{!--\nGenerate the srcset string using the default sizes defined in the helper. This will allow the browser to\npick the best-sized image based on its own understanding of how it will render the page.\n--}}\n{{#unless lazyload '==' 'disabled'}}data-{{/unless}}srcset=\"{{getImageSrcset image use_default_sizes=true }}\"\n{{else if default_image}}src=\"{{cdn default_image}}\"{{/if}}\nclass=\"{{#unless lazyload '==' 'disabled'}}lazyload{{/unless}}{{#if class}} {{class}}{{/if}}\"\n{{#if lazyload '==' 'lazyload'}}loading=\"lazy\"{{/if}}\n{{otherAttributes}} />\n",
  "components/products/ratings": "{{#for 1 5}}\n    {{#if ../this.rating '>=' $index}}\n        <span class=\"icon icon--ratingFull\">\n            <svg>\n                <use xlink:href=\"#icon-star\" />\n            </svg>\n        </span>\n    {{else}}\n        <span class=\"icon icon--ratingEmpty\">\n            <svg>\n                <use xlink:href=\"#icon-star\" />\n            </svg>\n        </span>\n    {{/if}}\n{{/for}}\n",
  "components/common/login-for-pricing": "<p translate>Log in for pricing</p>\n",
  "components/products/price": "{{!-- There are 2 code paths for generating the PDP pricing HTML determined by the following #and condition. \nIf a 'price_range' exists then we generate all HTML in price-range.html, otherwise it is defined here. Both code\npaths generate the same HTML structure with some differences in whether that element is displayed by default (css styling).\n\nIf you are making a change here or in price-range.html, you probably want to make that change in both files. --}}\n\n{{#and price.price_range (if theme_settings.price_ranges '==' true)}}\n    {{> components/products/price-range price=price schema_org=schema_org}}\n{{else}}\n    {{#if price.with_tax}}\n        <div class=\"price-section price-section--withTax rrp-price--withTax\" {{#unless price.rrp_with_tax}}style=\"display: none;\"{{/unless}}>\n            {{theme_settings.pdp-retail-price-label}}\n            <span data-product-rrp-with-tax class=\"price price--rrp\">\n                {{price.rrp_with_tax.formatted}}\n            </span>\n        </div>\n        <div class=\"price-section price-section--withTax non-sale-price--withTax{{#unless price.non_sale_price_with_tax}} price-none{{/unless}}\" {{#unless price.non_sale_price_with_tax}}style=\"display: none;\"{{/unless}}>\n            {{theme_settings.pdp-non-sale-price-label}}\n            <span data-product-non-sale-price-with-tax class=\"price price--non-sale\">\n                {{price.non_sale_price_with_tax.formatted}}\n            </span>\n        </div>\n        <div class=\"price-section price-section--withTax price-with-sale\" {{#if schema_org}}itemprop=\"offers\" itemscope itemtype=\"http://schema.org/Offer\"{{/if}}>\n            <span class=\"price-label\" {{#if price.non_sale_price_with_tax}}style=\"display: none;\"{{/if}}>\n                {{theme_settings.pdp-price-label}}\n            </span>\n            <span class=\"price-now-label\" {{#unless price.non_sale_price_with_tax}}style=\"display: none;\"{{/unless}}>\n                {{theme_settings.pdp-sale-price-label}}\n            </span>\n            <span data-product-price-with-tax class=\"price price--withTax\">{{price.with_tax.formatted}}</span>\n            {{#if schema_org}}\n                <meta itemprop=\"availability\" itemtype=\"http://schema.org/ItemAvailability\" \n                \tcontent=\"http://schema.org/{{#if product.pre_order}}PreOrder{{else if product.out_of_stock}}OutOfStock{{else if product.can_purchase '===' false}}OutOfStock{{else}}InStock{{/if}}\">\n                <meta itemprop=\"itemCondition\" itemtype=\"http://schema.org/OfferItemCondition\" content=\"http://schema.org/{{product.condition}}Condition\">\n                <meta itemprop=\"priceCurrency\" content=\"{{currency_selector.active_currency_code}}\">\n                <meta itemprop=\"url\" content=\"{{product.url}}\">\n                <div itemprop=\"priceSpecification\" itemscope itemtype=\"http://schema.org/PriceSpecification\">\n                    <meta itemprop=\"price\" content=\"{{price.with_tax.value}}\">\n                    <meta itemprop=\"priceCurrency\" content=\"{{currency_selector.active_currency_code}}\">\n                    <meta itemprop=\"valueAddedTaxIncluded\" content=\"true\">\n                </div>\n            {{/if}}\n            {{#if price.without_tax}}\n                <abbr title=\"{{lang 'products.including_tax'}}\">{{lang 'products.price_with_tax' tax_label=price.tax_label}}</abbr>\n            {{/if}}\n        </div>\n    {{/if}}\n    {{#if price.without_tax}}\n        <div class=\"price-section price-section--withoutTax rrp-price--withoutTax{{#if price.with_tax}} price-section--minor{{/if}}\" {{#unless price.rrp_without_tax}}style=\"display: none;\"{{/unless}}\">\n            {{theme_settings.pdp-retail-price-label}}\n            <span data-product-rrp-price-without-tax class=\"price price--rrp\"> \n                {{price.rrp_without_tax.formatted}}\n            </span>\n        </div>\n        <div class=\"price-section price-section--withoutTax non-sale-price--withoutTax{{#if price.with_tax}} price-section--minor{{/if}}{{#unless price.non_sale_price_without_tax}} price-none{{/unless}}\" {{#unless price.non_sale_price_without_tax}}style=\"display: none;\"{{/unless}}>\n            {{theme_settings.pdp-non-sale-price-label}}\n            <span data-product-non-sale-price-without-tax class=\"price price--non-sale\">\n                {{price.non_sale_price_without_tax.formatted}}\n            </span>\n        </div>\n        <div class=\"price-section price-section--withoutTax\" {{#if schema_org}}itemprop=\"offers\" itemscope itemtype=\"http://schema.org/Offer\"{{/if}}>\n            <span class=\"price-label\" {{#if price.non_sale_price_without_tax}}style=\"display: none;\"{{/if}}>\n                {{theme_settings.pdp-price-label}}\n            </span>\n            <span class=\"price-now-label\" {{#unless price.non_sale_price_without_tax}}style=\"display: none;\"{{/unless}}>\n                {{theme_settings.pdp-sale-price-label}}\n            </span>\n            <span data-product-price-without-tax class=\"price price--withoutTax{{#if price.with_tax}} price-section--minor{{/if}}\">{{price.without_tax.formatted}}</span>\n            {{#if schema_org}}\n                <meta itemprop=\"availability\" itemtype=\"http://schema.org/ItemAvailability\"\n                    content=\"http://schema.org/{{#if product.pre_order}}PreOrder{{else if product.out_of_stock}}OutOfStock{{else if product.can_purchase '===' false}}OutOfStock{{else}}InStock{{/if}}\">\n                <meta itemprop=\"itemCondition\" itemtype=\"http://schema.org/OfferItemCondition\" content=\"http://schema.org/{{product.condition}}Condition\">\n                <meta itemprop=\"priceCurrency\" content=\"{{currency_selector.active_currency_code}}\">\n                <meta itemprop=\"url\" content=\"{{product.url}}\">\n                <div itemprop=\"priceSpecification\" itemscope itemtype=\"http://schema.org/PriceSpecification\">\n                    <meta itemprop=\"price\" content=\"{{price.without_tax.value}}\">\n                    <meta itemprop=\"priceCurrency\" content=\"{{currency_selector.active_currency_code}}\">\n                    <meta itemprop=\"valueAddedTaxIncluded\" content=\"false\">\n                </div>\n            {{/if}}\n            {{#if price.with_tax}}\n                <abbr title=\"{{lang 'products.excluding_tax'}}\">{{lang 'products.price_without_tax' tax_label=price.tax_label}}</abbr>\n            {{/if}}\n        </div>\n    {{/if}}\n    {{#if page_type '===' 'product'}}\n         <div class=\"price-section price-section--saving price\" {{#unless price.saved}}style=\"display: none;\"{{/unless}}>\n                <span class=\"price\">{{lang 'products.you_save_opening_text'}}</span>\n                <span data-product-price-saved class=\"price price--saving\">\n                    {{price.saved.formatted}}\n                </span>\n                <span class=\"price\">{{lang 'products.you_save_closing_bracket'}}</span>\n         </div>\n    {{/if}}\n{{/and}}\n",
  "components/products/price-range": "{{#and price.retail_price_range.min.with_tax price.retail_price_range.max.with_tax}}\n    <div class=\"price-section price-section--withTax rrp-price--withTax\">\n        {{theme_settings.pdp-retail-price-label}}\n        <span data-product-rrp-price-with-tax class=\"price price--rrp\">{{price.retail_price_range.min.with_tax.formatted}} - {{price.retail_price_range.max.with_tax.formatted}}</span>\n    </div>\n{{else}}\n    {{#if price.with_tax}}\n        <div class=\"price-section price-section--withTax rrp-price--withTax\" style=\"display: none;\">\n            {{theme_settings.pdp-retail-price-label}}\n            <span data-product-rrp-with-tax class=\"price price--rrp\">\n                {{price.rrp_with_tax.formatted}}\n            </span>\n        </div>\n    {{/if}}\n{{/and}}\n{{#and price.price_range.min.with_tax price.price_range.max.with_tax}}\n    {{!-- Never display the \"non-sales price\" if there is a price range to be shown, but we do want the element on the page --}}\n    <div class=\"price-section price-section--withTax non-sale-price--withTax price-none\" style=\"display: none;\">\n        {{theme_settings.pdp-non-sale-price-label}}\n        <span data-product-non-sale-price-with-tax class=\"price price--non-sale\">\n            {{price.non_sale_price_with_tax.formatted}}\n        </span>\n    </div>\n    <div class=\"price-section price-section--withTax\" {{#if schema_org}}itemprop=\"offers\" itemscope itemtype=\"http://schema.org/Offer\"{{/if}}>\n        <span class=\"price-label\">{{theme_settings.pdp-price-label}}</span>\n        <span class=\"price-now-label\" style=\"display: none;\">{{theme_settings.pdp-sale-price-label}}</span>\n        <span data-product-price-with-tax class=\"price price--withTax\">{{price.price_range.min.with_tax.formatted}} - {{price.price_range.max.with_tax.formatted}}</span>\n        {{#and price.price_range.min.without_tax price.price_range.max.without_tax}}\n            <abbr title=\"{{lang 'products.including_tax'}}\">{{lang 'products.price_with_tax' tax_label=price.price_range.min.tax_label}}</abbr>\n        {{/and}}\n        {{#if schema_org}}\n            <meta itemprop=\"availability\" itemtype=\"http://schema.org/ItemAvailability\"\n                    content=\"http://schema.org/{{#if product.pre_order}}PreOrder{{else if product.out_of_stock}}OutOfStock{{else if product.can_purchase '===' false}}OutOfStock{{else}}InStock{{/if}}\">\n            <meta itemprop=\"itemCondition\" itemtype=\"http://schema.org/OfferItemCondition\" content=\"http://schema.org/{{product.condition}}Condition\">\n            <meta itemprop=\"priceCurrency\" content=\"{{currency_selector.active_currency_code}}\">\n            <meta itemprop=\"url\" content=\"{{product.url}}\">\n            <div itemprop=\"priceSpecification\" itemscope itemtype=\"http://schema.org/PriceSpecification\">\n                <meta itemprop=\"minPrice\" content=\"{{price_range.min.with_tax.value}}\"  />\n                <meta itemprop=\"price\" content=\"{{price_range.min.with_tax.value}}\">\n                <meta itemprop=\"maxPrice\" content=\"{{price_range.max.with_tax.value}}\"  />\n                <meta itemprop=\"priceCurrency\" content=\"{{currency_selector.active_currency_code}}\">\n                <meta itemprop=\"valueAddedTaxIncluded\" content=\"true\">\n            </div>\n        {{/if}}\n    </div>\n{{/and}}\n{{#and price.retail_price_range.min.without_tax price.retail_price_range.max.without_tax}}\n    <div class=\"price-section price-section--withoutTax rrp-price--withoutTax{{#if price.with_tax}} price-section--minor{{/if}}\">\n        {{theme_settings.pdp-retail-price-label}}\n        <span data-product-rrp-price-without-tax class=\"price price--rrp\">{{price.retail_price_range.min.without_tax.formatted}} - {{price.retail_price_range.max.without_tax.formatted}}</span>\n    </div>\n{{else}}\n    {{#if price.without_tax}}\n        <div class=\"price-section price-section--withoutTax rrp-price--withoutTax{{#if price.with_tax}} price-section--minor{{/if}}\" style=\"display: none;\">\n            {{theme_settings.pdp-retail-price-label}}\n            <span data-product-rrp-price-without-tax class=\"price price--rrp\">\n                {{price.rrp_without_tax.formatted}}\n            </span>\n        </div>\n    {{/if}}\n{{/and}}\n{{#and price.price_range.min.without_tax price.price_range.max.without_tax}}\n    {{!-- Never display the \"non-sales price\" if there is a price range to be shown, but we do want the element on the page --}}\n    <div class=\"price-section price-section--withoutTax non-sale-price--withoutTax{{#if price.with_tax}} price-section--minor{{/if}} price-none\" style=\"display: none;\">\n        {{theme_settings.pdp-non-sale-price-label}}\n        <span data-product-non-sale-price-without-tax class=\"price price--non-sale\">\n            {{price.non_sale_price_without_tax.formatted}}\n        </span>\n    </div>\n    <div class=\"price-section price-section--withoutTax{{#and price_range.min.with_tax price_range.max.with_tax}} price-section--minor{{/and}}\" {{#if schema_org}}itemprop=\"offers\" itemscope itemtype=\"http://schema.org/Offer\"{{/if}}>\n        <span class=\"price-label\">{{theme_settings.pdp-price-label}}</span>\n        <span class=\"price-now-label\" style=\"display: none;\">{{theme_settings.pdp-sale-price-label}}</span>\n        <span data-product-price-without-tax class=\"price price--withoutTax\">{{price.price_range.min.without_tax.formatted}} - {{price.price_range.max.without_tax.formatted}}</span>\n        {{#and price.price_range.min.with_tax price.price_range.max.with_tax}}\n            <abbr title=\"{{lang 'products.excluding_tax'}}\">{{lang 'products.price_without_tax' tax_label=price.price_range.min.tax_label}}</abbr>\n        {{/and}}\n        {{#if schema_org}}\n            <meta itemprop=\"availability\" itemtype=\"http://schema.org/ItemAvailability\"\n                    content=\"http://schema.org/{{#if product.pre_order}}PreOrder{{else if product.out_of_stock}}OutOfStock{{else if product.can_purchase '===' false}}OutOfStock{{else}}InStock{{/if}}\">\n            <meta itemprop=\"itemCondition\" itemtype=\"http://schema.org/OfferItemCondition\" content=\"http://schema.org/{{product.condition}}Condition\">\n            <meta itemprop=\"priceCurrency\" content=\"{{currency_selector.active_currency_code}}\">\n            <meta itemprop=\"url\" content=\"{{product.url}}\">\n            <div itemprop=\"priceSpecification\" itemscope itemtype=\"http://schema.org/PriceSpecification\">\n                <meta itemprop=\"minPrice\" content=\"{{price.price_range.min.without_tax.value}}\"  />\n                <meta itemprop=\"price\" content=\"{{price.price_range.min.without_tax.value}}\">\n                <meta itemprop=\"maxPrice\" content=\"{{price.price_range.max.without_tax.value}}\"  />\n                <meta itemprop=\"priceCurrency\" content=\"{{currency_selector.active_currency_code}}\">\n                <meta itemprop=\"valueAddedTaxIncluded\" content=\"false\">\n            </div>\n        {{/if}}\n    </div>\n{{/and}}\n\n{{!-- Never display the \"saving price\" element by default if there is a price range on the page to be shown --}}\n{{#if page_type '===' 'product'}}\n     <div class=\"price-section price-section--saving price\" style=\"display: none;\">\n            <span class=\"price\">{{lang 'products.you_save_opening_text'}}</span>\n            <span data-product-price-saved class=\"price price--saving\">\n                {{price.saved.formatted}}\n            </span>\n            <span class=\"price\">{{lang 'products.you_save_closing_bracket'}}</span>\n     </div>\n{{/if}}\n"
}