{
  "components/faceted-search/index": "<div id=\"facetedSearch\" class=\"facetedSearch sidebarBlock\">\n    {{> components/faceted-search/selected-facets selected}}\n\n    {{#any facets visible=true}}\n        <div id=\"facetedSearch-navList\"\n            class=\"facetedSearch-navList\"\n        >\n            <div class=\"accordion accordion--navList\">\n                {{#each facets}}\n                    {{#if visible}}\n                        {{{dynamicComponent 'components/faceted-search/facets'}}}\n                    {{/if}}\n                {{/each}}\n            </div>\n\n            <div class=\"blocker\" style=\"display: none;\"></div>\n        </div>\n    {{/any}}\n</div>\n",
  "components/faceted-search/selected-facets": "<div class=\"facetedSearch-refineFilters sidebarBlock\">\n    <h2 class=\"sidebarBlock-heading\">\n        {{lang 'search.faceted.selected.title'}}\n    </h2>\n\n    {{#if items}}\n        <ul class=\"inlineList inlineList--labels\">\n            {{#each items}}\n                <li>\n                    <a href=\"{{url}}\"\n                       class=\"facetLabel\"\n                       rel=\"nofollow\"\n                       data-faceted-search-facet\n                    >\n                        {{#if facet '===' 'rating'}}\n                            {{lang 'search.faceted.selected.rating-label' rating=title}}\n                        {{else}}\n                            {{{sanitize title}}}\n                        {{/if}}\n\n                        <svg class=\"icon\">\n                            <use xlink:href=\"#icon-close\" />\n                        </svg>\n                    </a>\n                </li>\n            {{/each}}\n        </ul>\n    {{else}}\n        <p class=\"facetedSearch-noFilters\">{{lang 'search.faceted.selected.no-filters'}}</p>\n    {{/if}}\n\n    {{#if remove_all_url}}\n        <a href=\"{{remove_all_url}}\" data-faceted-search-facet class=\"toggleLink toggleLink-viewMore\">\n            <span class=\"toggleLink-text\">{{lang 'search.faceted.selected.clear-all'}}</span>\n        </a>\n    {{/if}}\n</div>\n",
  "components/faceted-search/facets/hierarchy-children": "<ul class=\"navList navList--inner\">\n    {{#each this}}\n        <li class=\"navList-item\">\n            <a\n            href=\"{{url}}\"\n            class=\"navList-action navList-action--checkbox{{#if selected}} is-selected{{/if}}{{#if has_sub_categories}} has-children{{/if}}\"\n            rel=\"nofollow\"\n            data-id=\"{{id}}\"\n            data-faceted-search-facet>\n                <span class=\"text\">\n                    {{{sanitize title}}}\n                    {{#if ../show_product_counts}}\n                        {{#if count}}\n                            <span>({{count}})</span>\n                        {{/if}}\n                    {{/if}}\n                </span>\n            </a>\n            {{#if children}}\n                {{> components/faceted-search/facets/hierarchy-children children}}\n            {{/if}}\n        </li>\n    {{/each}}\n</ul>\n",
  "components/faceted-search/facets/hierarchy": "{{#if items}}\n<div class=\"accordion-block\">\n    {{> components/faceted-search/faceted-search-navigation}}\n\n    <div id=\"facetedSearch-content--{{dashcase facet}}\" class=\"accordion-content{{#unless start_collapsed}} is-open{{/unless}}\">\n        <ul id=\"facetedSearch-navList--{{dashcase facet}}\" class=\"navList haloCustomScrollbar\" data-facet=\"{{facet}}\" data-has-more-results=\"{{has_more_results}}\">\n            {{#each items}}\n                <li class=\"navList-item\">\n                    <a\n                        href=\"{{url}}\"\n                        class=\"navList-action navList-action--checkbox{{#if selected }} is-selected{{/if}}{{#if has_sub_categories}} has-children{{/if}}\"\n                        rel=\"nofollow\"\n                        data-id=\"{{id}}\"\n                        data-faceted-search-facet>\n                            <span class=\"text\">\n                                {{{sanitize title}}}\n                                {{#if ../show_product_counts}}\n                                    {{#if count}}\n                                        <span>({{count}})</span>\n                                    {{/if}}\n                                {{/if}}\n                            </span>\n                    </a>\n                    {{#if children}}\n                        {{> components/faceted-search/facets/hierarchy-children children}}\n                    {{/if}}\n                </li>\n            {{/each}}\n        </ul>\n\n        {{#if show_more_toggle}}\n            <div class=\"navView-all\">\n                <a href=\"#facetedSearch-navList--{{dashcase facet}}\" role=\"button\" class=\"toggleLink toggleLink-viewMore\">\n                    <span class=\"toggleLink-text toggleLink-text--off\">{{lang 'search.faceted.show-more'}}</span>\n                </a>\n            </div>\n        {{/if}}\n\n        {{#if selected}}\n            <div class=\"navView-clear\">\n                <a href=\"{{remove_url}}\" class=\"toggleLink toggleLink-clear facetedSearch-clearLink\" data-faceted-search-facet>\n                    <span class=\"toggleLink-text toggleLink-text--off\">{{lang 'search.faceted.clear'}}</span>\n                </a>\n            </div>\n        {{/if}}\n    </div>\n</div>\n{{/if}}\n",
  "components/faceted-search/facets/multi": "{{#if items}}\n<div class=\"accordion-block\">\n    {{> components/faceted-search/faceted-search-navigation}}\n\n    <div id=\"facetedSearch-content--{{dashcase facet}}\" class=\"accordion-content{{#unless start_collapsed}} is-open{{/unless}}\">\n        <ul id=\"facetedSearch-navList--{{dashcase facet}}\" data-facet=\"{{facet}}\" class=\"navList haloCustomScrollbar\" data-has-more-results=\"{{has_more_results}}\">\n            {{#each items}}\n                <li class=\"navList-item\">\n                    <a\n                        href=\"{{url}}\"\n                        class=\"navList-action navList-action--checkbox{{#if selected}} is-selected{{/if}}\"\n                        rel=\"nofollow\"\n                        data-faceted-search-facet>\n                        <span class=\"text\">\n                            {{{sanitize title}}}\n                            {{#if ../show_product_counts}}\n                                <span>({{count}})</span>\n                            {{/if}}\n                        </span>\n                        <span class=\"navList-action-close\" aria-hidden=\"true\">\n                            <svg class=\"icon\">\n                                <use xlink:href=\"#icon-close\"/>\n                            </svg>\n                        </span>\n                    </a>\n                </li>\n            {{/each}}\n        </ul>\n\n        {{#if show_more_toggle}}\n            <div class=\"navView-all\">\n                <a href=\"#facetedSearch-navList--{{dashcase facet}}\" role=\"button\" class=\"toggleLink toggleLink-viewMore\">\n                    <span class=\"toggleLink-text toggleLink-text--off\">{{lang 'search.faceted.show-more'}}</span>\n                </a>\n            </div>\n        {{/if}}\n        {{#if selected}}\n            <div class=\"navView-clear\">\n                <a href=\"{{remove_url}}\" class=\"toggleLink toggleLink-clear facetedSearch-clearLink\" data-faceted-search-facet>\n                    <span class=\"toggleLink-text toggleLink-text--off\">{{lang 'search.faceted.clear'}}</span>\n                </a>\n            </div>\n        {{/if}}\n    </div>\n</div>\n{{/if}}\n",
  "components/faceted-search/facets/range": "<div class=\"accordion-block\">\n    {{> components/faceted-search/faceted-search-navigation}}\n\n    <div id=\"facetedSearch-content--{{dashcase facet}}\" class=\"accordion-content{{#unless start_collapsed}} is-open{{/unless}}\">\n        <form id=\"facet-range-form\" class=\"form\" method=\"get\" data-faceted-search-range novalidate>\n            {{#each current_selected_items}}\n                <input type=\"hidden\" name=\"{{param_name}}[]\" value=\"{{param_value}}\"/>\n            {{/each}}\n            <input type=\"hidden\" name=\"search_query\" value=\"{{search_query}}\">\n            {{#if this.sort}}\n                <input type=\"hidden\" name=\"sort\" value=\"{{this.sort}}\">\n            {{/if}}\n            <fieldset class=\"form-fieldset\">\n                <div class=\"form-minMaxRow\">\n                    <div class=\"form-field\">\n                        <input\n                            name=\"min_price\"\n                            placeholder=\"{{lang 'search.faceted.range.min-placeholder'}}\"\n                            min=\"0\"\n                            class=\"form-input form-input--small\"\n                            required\n                            type=\"number\"\n                            value=\"{{min_price}}\"\n                        />\n                    </div>\n\n                    <div class=\"form-field\">\n                        <input\n                            name=\"max_price\"\n                            placeholder=\"{{lang 'search.faceted.range.max-placeholder'}}\"\n                            min=\"0\"\n                            class=\"form-input form-input--small\"\n                            required\n                            type=\"number\"\n                            value=\"{{max_price}}\"\n                        />\n                    </div>\n\n                    <div class=\"form-field\">\n                        <button class=\"button button--primary button--small\" type=\"submit\">\n                            {{lang 'search.faceted.range.update'}}\n                        </button>\n                    </div>\n                </div>\n                <div class=\"form-inlineMessage\"></div>\n            </fieldset>\n        </form>\n        {{#if selected}}\n            <div class=\"navView-clear\">\n                <a href=\"{{remove_url}}\" class=\"toggleLink toggleLink-clear facetedSearch-clearLink\" data-faceted-search-facet>\n                    <span class=\"toggleLink-text toggleLink-text--off\">{{lang 'search.faceted.clear'}}</span>\n                </a>\n            </div>\n        {{/if}}\n    </div>\n</div>\n",
  "components/faceted-search/facets/rating": "{{#if items}}\n<div class=\"accordion-block\">\n    {{> components/faceted-search/faceted-search-navigation}}\n\n    <div id=\"facetedSearch-content--{{dashcase facet}}\" class=\"accordion-content facetedSearch-content--{{dashcase facet}}{{#unless start_collapsed}} is-open{{/unless}}\">\n        <ul class=\"navList\">\n            {{#each items}}\n                <li class=\"navList-item\">\n                    <a href=\"{{url}}\"\n                       class=\"navList-action navList-action--rating{{#if selected}} is-selected{{/if}}\"\n                       rel=\"nofollow\"\n                       data-faceted-search-facet>\n                        <span class=\"rating--small\">\n                            {{> components/products/ratings rating=title}}\n                        </span>\n                        <span class=\"text\">\n                            {{lang 'search.faceted.rating.and-up'}}\n                            {{#if ../show_product_counts}}\n                                <span>({{count}})</span>\n                            {{/if}}\n                        </span>\n                    </a>\n                </li>\n            {{/each}}\n        </ul>\n        {{#if selected}}\n            <div class=\"navView-clear\">\n                <a href=\"{{remove_url}}\" class=\"toggleLink toggleLink-clear facetedSearch-clearLink\" data-faceted-search-facet>\n                    <span class=\"toggleLink-text toggleLink-text--off\">{{lang 'search.faceted.clear'}}</span>\n                </a>\n            </div>\n        {{/if}}\n    </div>\n</div>\n{{/if}}\n",
  "components/faceted-search/faceted-search-navigation": "<div class=\"accordion-nav-clear-holder\">\n    <button type=\"button\"\n         class=\"accordion-navigation toggleLink{{#unless start_collapsed}} is-open{{/unless}}\"\n         data-collapsible=\"#facetedSearch-content--{{dashcase facet}}\"\n         aria-label=\"{{lang 'search.faceted.toggleSection' title=title}}\"\n    >\n        <span class=\"accordion-title\">\n            {{title}}\n        </span>\n\n        <span class=\"accordion-navigation-actions\">\n            <svg class=\"icon accordion-indicator toggleLink-text toggleLink-text--off\">\n                <use xlink:href=\"#icon-add\" />\n            </svg>\n            <svg class=\"icon accordion-indicator toggleLink-text toggleLink-text--on\">\n                <use xlink:href=\"#icon-remove\" />\n            </svg>\n        </span>\n    </button>\n</div>\n",
  "components/products/ratings": "{{#for 1 5}}\n    {{#if ../this.rating '>=' $index}}\n        <span class=\"icon icon--ratingFull\">\n            <svg>\n                <use xlink:href=\"#icon-star\" />\n            </svg>\n        </span>\n    {{else}}\n        <span class=\"icon icon--ratingEmpty\">\n            <svg>\n                <use xlink:href=\"#icon-star\" />\n            </svg>\n        </span>\n    {{/if}}\n{{/for}}\n"
}