{
  "components/halothemes/gallery/halo-toolbar": "<div class=\"toolbar-wrapper\">\r\n\t{{#if theme_settings.haloStickyToolbar_viewAs}}\r\n    \t{{> components/halothemes/gallery/halo-view-as}}\r\n    {{/if}}  \r\n    {{#if theme_settings.haloStickyToolbar_limit}}\r\n\t\t{{> components/halothemes/gallery/halo-show-products limit=limit}}\r\n\t{{/if}}\r\n\t{{#if theme_settings.haloStickyToolbar_sort}}\r\n    \t{{> components/products/filter sort=pagination.category.sort}} \r\n    {{/if}} \r\n</div>\r\n{{#if theme_settings.haloStickyToolbar_viewAs}}\r\n\t<div class=\"toolbar-wrapper toolbar-mobile\">\r\n\t    <div class=\"toolbar-item\">\r\n\t        {{> components/halothemes/gallery/halo-view-as-2}}  \r\n\t    </div>\r\n\t</div>\r\n{{/if}}\r\n",
  "components/halothemes/gallery/halo-view-as": "<form class=\"actionBar\" data-show-gallery>\r\n    <div class=\"form-field\">\r\n        <label class=\"form-label\" for=\"view_as\">{{lang 'common.view_as'}}</label>\r\n        <select class=\"form-select\" name=\"view_as\" id=\"view_as\">\r\n            <option value=\"grid\" {{#if theme_settings.product_list_display_mode '===' 'grid'}}selected{{/if}}>{{lang 'common.view_grid'}}</option>\r\n            <option value=\"list\" {{#if theme_settings.product_list_display_mode '===' 'list'}}selected{{/if}}>{{lang 'common.view_list'}}</option>\r\n        </select>\r\n    </div>\r\n</form>\r\n",
  "components/halothemes/gallery/halo-show-products": "<form class=\"actionBar actionBar-2\" method=\"get\" data-sort-by data-show-products>\r\n    <div class=\"form-field\">\r\n        <label class=\"form-label\" for=\"limit\">{{lang 'common.show_products_label'}}</label>\r\n        <select class=\"form-select\" name=\"limit\" id=\"limit\">\r\n            <option value=\"20\" {{#if '20' '==' theme_settings.categorypage_products_per_page }}selected{{/if}}>20 {{lang 'common.show_products'}}</option>\r\n            <option value=\"30\" {{#if '30' '==' theme_settings.categorypage_products_per_page }}selected{{/if}}>30 {{lang 'common.show_products'}}</option>\r\n            <option value=\"40\" {{#if '40' '==' theme_settings.categorypage_products_per_page }}selected{{/if}}>40 {{lang 'common.show_products'}}</option>\r\n            <option value=\"50\" {{#if '50' '==' theme_settings.categorypage_products_per_page }}selected{{/if}}>50 {{lang 'common.show_products'}}</option>\r\n            <option value=\"60\" {{#if '60' '==' theme_settings.categorypage_products_per_page }}selected{{/if}}>60 {{lang 'common.show_products'}}</option>\r\n            <option value=\"80\" {{#if '80' '==' theme_settings.categorypage_products_per_page }}selected{{/if}}>80 {{lang 'common.show_products'}}</option>\r\n            <option value=\"100\" {{#if '100' '==' theme_settings.categorypage_products_per_page }}selected{{/if}}>100 {{lang 'common.show_products'}}</option>\r\n            <!-- <option value=\"100\" {{#if '30' '==' theme_settings.categorypage_products_per_page }}selected{{/if}}>30 {{lang 'common.show_products'}}</option> -->\r\n        </select>\r\n    </div>\r\n</form>\r\n",
  "components/products/filter": "<form class=\"actionBar actionBar-2\" method=\"get\" data-sort-by data-show-by>\n    {{> components/category/sort-box sort=sort}}\n</form>\n",
  "components/halothemes/gallery/halo-view-as-2": "<div class=\"view-as-btn view-as-btn-mobile\">\r\n    <a href=\"javascript:void(0);\" class=\"btn-view grid-view{{#if theme_settings.product_list_display_mode '===' 'grid'}} current-view{{/if}}\" id=\"grid-view-mobile\">\r\n        <svg class=\"icon\"><use xlink:href=\"#icon-grid-view\"></use></svg>\r\n    </a>\r\n    <a href=\"javascript:void(0);\" class=\"btn-view list-view{{#if theme_settings.product_list_display_mode '===' 'list'}} current-view{{/if}}\" id=\"list-view-mobile\">\r\n        <svg class=\"icon\"><use xlink:href=\"#icon-list-view\"></use></svg>\r\n    </a>\r\n</div>\r\n",
  "components/category/sort-box": "<div class=\"form-field\">\n    <label class=\"form-label\" for=\"sort\">{{lang 'common.sorter.sort_by'}}</label>\n    <select class=\"form-select\" name=\"sort\" id=\"sort\">\n        <option value=\"featured\" {{#if sort '==' 'featured'}}selected{{/if}}>{{lang 'common.sorter.featured'}}</option>\n        <option value=\"newest\" {{#if sort '==' 'newest'}}selected{{/if}}>{{lang 'common.sorter.newest'}}</option>\n        <option value=\"bestselling\" {{#if sort '==' 'bestselling'}}selected{{/if}}>{{lang 'common.sorter.top_sellers'}}</option>\n        <option value=\"alphaasc\" {{#if sort '==' 'alphaasc'}}selected{{/if}}>{{lang 'common.sorter.alpha_asc'}}</option>\n        <option value=\"alphadesc\" {{#if sort '==' 'alphadesc'}}selected{{/if}}>{{lang 'common.sorter.alpha_desc'}}</option>\n        <option value=\"avgcustomerreview\" {{#if sort '==' 'avgcustomerreview'}}selected{{/if}}>{{lang 'common.sorter.reviews'}}</option>\n        <option value=\"priceasc\" {{#if sort '==' 'priceasc'}}selected{{/if}}>{{lang 'common.sorter.price_asc'}}</option>\n        <option value=\"pricedesc\" {{#if sort '==' 'pricedesc'}}selected{{/if}}>{{lang 'common.sorter.price_desc'}}</option>\n        {{#if result_count}}\n            <option value=\"relevance\" {{#if sort '==' 'relevance'}}selected{{/if}}>{{lang 'common.sorter.relevance'}}</option>\n        {{/if}}\n    </select>\n</div>\n\n\n"
}