{
  "components/products/quick-view": "<div class=\"modal-body quickView\">\n    <div class=\"productView halo-quickView\">\n\t    <div class=\"halo-quickView-left productView-images zoom-image\" data-image-gallery>\n\t        <div class=\"productView-image-wrapper\">\n\t        \t{{#if theme_settings.halo-label-product}}\n                    <div class=\"halo-badges halo-badges-{{theme_settings.halo-label-product-position}}\">\n                        {{#each productsnew}}\n                            {{#if id '==' ../product.id}}\n                                <div class=\"new-badge halo-badge\">\n                                    <span class=\"text\">{{lang 'products.new_label'}}</span>\n                                </div>\n                            {{/if}}\n                        {{/each}}\n                        {{#or product.price.non_sale_price_with_tax product.price.non_sale_price_without_tax}}\n                            <div class=\"sale-badge halo-badge\">\n                                {{#if product.price.non_sale_price_with_tax}}\n                                    <span class=\"text\">{{lang 'products.sale_label'}}{{round (subtract 100 (multiply (divide product.price.with_tax.value product.price.non_sale_price_with_tax.value) 100)) 0}}%</span>\n                                {{/if}}\n                                {{#if product.price.non_sale_price_without_tax}}\n                                    <span class=\"text\">{{lang 'products.sale_label'}}{{round (subtract 100 (multiply (divide product.price.without_tax.value product.price.non_sale_price_without_tax.value) 100)) 0}}%</span>\n                                {{/if}}\n                            </div>\n                        {{/or}}\n                        {{#each product.custom_fields}}\n                            {{#if name '===' '__customlabel'}}\n                                <div class=\"custom-badge halo-badge\">\n                                    <span class=\"text\">{{{value}}}</span>\n                                </div>\n                            {{/if}}\n                        {{/each}}\n                        {{#unless product.can_purchase}}\n                            {{#if product.out_of_stock}}\n                                {{#if product.out_of_stock_message}}\n                                    <div class=\"soldOut-badge halo-badge\">\n                                        <span class=\"text\">{{lang 'products.sold_out_label'}}</span>\n                                    </div>\n                                {{else}}\n                                    <div class=\"soldOut-badge halo-badge\">\n                                        <span class=\"text\">{{lang 'products.sold_out_label'}}</span>\n                                    </div>\n                                {{/if}}\n                            {{/if}}\n                        {{/unless}}\n                    </div>\n                {{/if}}\n\t            <div class=\"productView-nav\"\n\t                data-slick='{\n\t                    \"fade\": false,\n\t                    \"arrows\": false,\n\t                    \"dots\": false,\n\t                    \"infinite\": false,\n\t                    \"slidesToShow\": 1,\n\t                    \"slidesToScroll\": 1,\n\t                    \"asNavFor\": \".quickView .halo-quickView-left .productView-for\"\n\t                }'>\n\t                {{#each product.images}}\n\t                    <div>\n\t                        <figure class=\"productView-image\" \n\t                            data-image-gallery-main\n\t                            data-zoom-image=\"{{getImageSrcset this (cdn ../theme_settings.default_image_product) 1x=../theme_settings.zoom_size}}\">\n\t                            <div class=\"productView-img-container\">\n\t                                <a href=\"{{getImageSrcset this (cdn ../theme_settings.default_image_product) 1x=../theme_settings.zoom_size}}\">\n\t                                    {{> components/common/responsive-img\n\t                                        image=this\n\t                                        class=\"productView-image--default\"\n\t                                        fallback_size=../theme_settings.product_size\n\t                                        lazyload=\"disabled\"\n\t                                        default_image=../theme_settings.default_image_product\n\t                                        otherAttributes=\"data-main-image\"\n\t                                    }}\n\t                                </a>\n\t                            </div>\n\t                        </figure>\n\t                    </div>\n\t                {{/each}}\n\t                {{#if product.videos.list.length}}\n\t                    {{#each product.videos.list}}\n\t                        <div>\n\t                            <figure class=\"productView-image\">\n\t                                <div class=\"productView-img-container\">\n\t                                    <a href=\"//www.youtube.com/embed/{{id}}\">\n\t                                        <img class=\"lazyload\" src=\"{{cdn 'img/loading.svg'}}\" data-src=\"//i.ytimg.com/vi/{{id}}/hqdefault.jpg\"/ data-sizes=\"auto\">\n\t                                    </a>\n\t                                    <div class=\"productView-video\">\n\t                                        <div data-youtube=\"{{id}}\"></div>\n\t                                    </div>\n\t                                </div>\n\t                            </figure>\n\t                        </div>\n\t                    {{/each}}\n\t                {{/if}}\n\t            </div>\n\t            <div class=\"halo-zoom\">\n\t                <svg class=\"icon\"><use xlink:href=\"#icon-search\"></use></svg>\n\t                <span class=\"text\">{{lang 'products.zoom'}}</span>\n\t            </div>\n\t        </div>\n\t        <div class=\"productView-thumbnail-wrapper\">\n\t            <div class=\"productView-for\" data-slick='{\n\t                \"arrows\": true,\n\t                \"dots\": false,\n\t                \"infinite\": false,\n\t                \"focusOnSelect\": true,\n\t                \"slidesToShow\": 5,\n\t                \"slidesToScroll\": 1,\n\t                \"asNavFor\": \".quickView .halo-quickView-left .productView-nav\",\n\t                \"nextArrow\": \"<svg class=&apos;slick-next slick-arrow&apos;><use xlink:href=&apos;#slick-arrow-next&apos;></use></svg>\", \n\t                \"prevArrow\": \"<svg class=&apos;slick-prev slick-arrow&apos;><use xlink:href=&apos;#slick-arrow-prev&apos;></use></svg>\",\n\t                \"responsive\": [\n\t                    {\n\t                        \"breakpoint\": 1281,\n\t                        \"settings\": {\n\t                            \"slidesToShow\": 4,\n\t                            \"slidesToScroll\": 1\n\t                        }\n\t                    }\n\t                ]\n\t            }'>\n\t                {{#each product.images}}\n\t                    <div>\n\t                        <div class=\"productView-thumbnail\">\n\t                            <a\n\t                                class=\"productView-thumbnail-link\"\n\t                                href=\"{{getImageSrcset this (cdn ../theme_settings.default_image_product) 1x=../theme_settings.zoom_size}}\"\n\t                                data-image-gallery-item\n\t                                data-image-gallery-new-image-url=\"{{getImageSrcset this (cdn ../theme_settings.default_image_product) 1x=../theme_settings.product_size}}\"\n\t                                data-image-gallery-new-image-srcset=\"{{getImageSrcset this use_default_sizes=true}}\"\n\t                                data-image-gallery-zoom-image-url=\"{{getImageSrcset this (cdn ../theme_settings.default_image_product) 1x=../theme_settings.zoom_size}}\"\n\t                            >\n\t                            {{> components/common/responsive-img\n\t                                image=this\n\t                                fallback_size=../theme_settings.productview_thumb_size\n\t                                lazyload=../theme_settings.lazyload_mode\n\t                            }}\n\t                            </a>\n\t                        </div>\n\t                    </div>\n\t                {{/each}}\n\t                {{#if product.videos.list.length}}\n\t                    {{#each product.videos.list}}\n\t                        <div>\n\t                            <div class=\"productView-thumbnail\">\n\t                                <a\n\t                                    class=\"productView-thumbnail-link productView-thumbnail-linkVideo\"\n\t                                    href=\"//www.youtube.com/embed/{{id}}\"\n\t                                    data-image-gallery-item\n\t                                >\n\t                                    {{> components/common/responsive-img\n                                            image=../product.main_image\n                                            fallback_size=../theme_settings.productview_thumb_size\n                                            lazyload=../theme_settings.lazyload_mode\n                                        }}\n                                        <span class=\"videoText\">\n                                            <svg class=\"icon\"><use xlink:href=\"#icon-video-product\"></use></svg>\n                                        </span>\n\t                                </a>\n\t                            </div>\n\t                        </div>\n\t                    {{/each}}\n\t                {{/if}}\n\t            </div>\n\t        </div>\n\t    </div>\n\t    <div class=\"halo-quickView-right\">\n\t        <div class=\"productView-details product-data\">\n\t            <div class=\"productView-product\">\n\t                {{#if product.brand}}\n\t                    <h2 class=\"productView-brand\">\n\t                        <a href=\"{{product.brand.url}}\">{{product.brand.name}}</span></a>\n\t                    </h2>\n\t                {{/if}}\n\t                <h1 class=\"productView-title\">{{product.title}}</h1>\n\t                <div class=\"productView-topInfo\">\n\t                    <div class=\"productView-rating\">\n\t                        {{#if settings.show_product_rating}}\n\t                            {{> components/products/ratings rating=product.rating}}\n\t                            <span class=\"productView-reviewLink review-link\">\n\t                                {{#if product.num_reviews '>' 0}}\n\t                                    <a href=\"{{product.url}}#tab-reviews\">\n\t                                        {{lang 'products.reviews.link_to_review' total=product.num_reviews}}\n\t                                    </a>\n\t                                {{else}}\n\t                                    {{lang 'products.reviews.link_to_review' total=product.num_reviews}}\n\t                                {{/if}}\n\t                            </span>\n\t                        {{/if}}\n\t                        {{#if settings.show_product_reviews}}\n\t                            <span class=\"productView-reviewLink\">\n\t                                <a href=\"{{product.url}}{{#if is_ajax}}#write_review{{/if}}\">\n\t                                   <span>{{lang 'products.reviews.new'}}</span>\n\t                                </a>\n\t                            </span>\n\t                        {{/if}}\n\t                        {{#unless product.out_of_stock}}\n\t\t                        {{#if theme_settings.product_soldProduct}}\n\t\t                            <div class=\"productView-soldProduct\"></div>\n\t\t                        {{/if}}\n\t\t                    {{/unless}}\n\t                    </div>\n\t                </div>\n\t                <div class=\"productView-info\">\n\t                    {{#if product.sku}}\n\t                        <div class=\"productView-info-item\">\n\t                            <span class=\"productView-info-name sku-label\">{{lang 'products.sku'}}</span>\n\t                            <span class=\"productView-info-value\" data-product-sku>{{product.sku}}</span>\n\t                        </div>\n\t                    {{/if}}\n\t                    {{#if product.upc}}\n\t                        <div class=\"productView-info-item\">\n\t                            <span class=\"productView-info-name upc-label\">{{lang 'products.upc'}}</span>\n\t                            <span class=\"productView-info-value\" data-product-upc>{{product.upc}}</span>\n\t                        </div>\n\t                    {{/if}}\n\t                    {{#if product.condition}}\n\t                        <div class=\"productView-info-item\">\n\t                            <span class=\"productView-info-name\">{{lang 'products.condition'}}</span>\n\t                            <span class=\"productView-info-value\">{{product.condition}}</span>\n\t                        </div>\n\t                    {{/if}}\n\t                    {{#if product.availability}}\n\t                        <div class=\"productView-info-item\">\n\t                            <span class=\"productView-info-name\">{{lang 'products.availability'}}</span>\n\t                            <span class=\"productView-info-value\">{{product.availability}}</span>\n\t                        </div>\n\t                    {{/if}}\n\t                    {{#all product.weight theme_settings.show_product_weight}}\n\t                        <div class=\"productView-info-item\">\n\t                            <span class=\"productView-info-name\">{{lang 'products.weight'}}</span>\n\t                            <span class=\"productView-info-value\" data-product-weight>{{product.weight}}</span>\n\t                        </div>\n\t                    {{/all}}\n\t                    {{#all product.width product.height product.depth theme_settings.show_product_dimensions}}\n\t                        <div class=\"productView-info-item\">\n\t                            <span class=\"productView-info-name\">{{lang 'products.width'}}</span>\n\t                            <span class=\"productView-info-value\" data-product-width>\n\t                                {{product.width}}\n\t                                {{#if settings.measurements.length '==' 'Centimeters'}}\n\t                                    ({{lang 'products.measurement.metric'}})\n\t                                {{else}}\n\t                                    ({{lang 'products.measurement.imperial'}})\n\t                                {{/if}}\n\t                            </span>\n\t                        </div>\n\t                        <div class=\"productView-info-item\">\n\t                            <span class=\"productView-info-name\">{{lang 'products.height'}}</span>\n\t                            <span class=\"productView-info-value\" data-product-height>\n\t                                {{product.height}}\n\t                                {{#if settings.measurements.length '==' 'Centimeters'}}\n\t                                    ({{lang 'products.measurement.metric'}})\n\t                                {{else}}\n\t                                    ({{lang 'products.measurement.imperial'}})\n\t                                {{/if}}\n\t                            </span>\n\t                        </div>\n\t                        <div class=\"productView-info-item\">\n\t                            <span class=\"productView-info-name\">{{lang 'products.depth'}}</span>\n\t                            <span class=\"productView-info-value\" data-product-depth>\n\t                                {{product.depth}}\n\t                                {{#if settings.measurements.length '==' 'Centimeters'}}\n\t                                    ({{lang 'products.measurement.metric'}})\n\t                                {{else}}\n\t                                    ({{lang 'products.measurement.imperial'}})\n\t                                {{/if}}\n\t                            </span>\n\t                        </div>\n\t                    {{/all}}\n\t                    {{#if product.min_purchase_quantity}}\n\t                        <div class=\"productView-info-item\">\n\t                            <span class=\"productView-info-name\">{{lang 'products.min_purchase_quantity'}}</span>\n\t                            <span class=\"productView-info-value\">{{lang 'products.purchase_units' quantity=product.min_purchase_quantity}}</span>\n\t                        </div>\n\t                    {{/if}}\n\t                    {{#if product.max_purchase_quantity}}\n\t                        <div class=\"productView-info-item\">\n\t                            <span class=\"productView-info-name\">{{lang 'products.max_purchase_quantity'}}</span>\n\t                            <span class=\"productView-info-value\">{{lang 'products.purchase_units' quantity=product.max_purchase_quantity}}</span>\n\t                        </div>\n\t                    {{/if}}\n\t                    {{#if product.gift_wrapping_available}}\n\t                        <div class=\"productView-info-item\">\n\t                            <span class=\"productView-info-name\">{{lang 'products.gift_wrapping'}}</span>\n\t                            <span class=\"productView-info-value\">{{lang 'products.gift_wrapping_available'}}</span>\n\t                        </div>\n\t                    {{/if}}\n\t                    {{#if product.shipping}}\n\t                        {{#if product.shipping.calculated}}\n\t                            <div class=\"productView-info-item\">\n\t                                <span class=\"productView-info-name\">{{lang 'products.shipping'}}</span>\n\t                                <span class=\"productView-info-value\">{{lang 'products.shipping_calculated'}}</span>\n\t                            </div>\n\t                        {{else}}\n\t                            {{#if product.shipping.price.value '===' 0}}\n\t                                <div class=\"productView-info-item\">\n\t                                    <span class=\"productView-info-name\">{{lang 'products.shipping'}}</span>\n\t                                    <span class=\"productView-info-value\">{{lang 'products.shipping_free'}}</span>\n\t                                </div>\n\t                            {{else}}\n\t                                <div class=\"productView-info-item\">\n\t                                    <span class=\"productView-info-name\">{{lang 'products.shipping'}}</span>\n\t                                    <span class=\"productView-info-value\">{{lang 'products.shipping_fixed' amount=product.shipping.price.formatted}}</span>\n\t                                </div>\n\t                            {{/if}}\n\t                        {{/if}}\n\t                    {{/if}}\n\t                    {{#each product.custom_fields}}\n\t                        {{#startsWith '__' name}}\n\t                        {{else}}\n\t                            <div class=\"productView-info-item\">\n\t                                <span class=\"productView-info-name {{chop name}}\">{{name}}:</span>\n\t                                <span class=\"productView-info-value {{chop name}}\">{{{ sanitize value}}}</span>\n\t                            </div>\n\t                        {{/startsWith}}\n\t                    {{/each}}\n\t                    {{#if settings.bulk_discount_enabled}}\n\t                        {{#if product.bulk_discount_rates.length}}\n\t                            {{> components/products/bulk-discount-rates bulk_discount_rates=product.bulk_discount_rates}}\n\t                        {{/if}}\n\t                    {{/if}}\n\t                </div>\n\n\t                {{> components/halothemes/product/halo-product-countdown custom_fields=product.custom_fields id=product.id}}\n\n\t                <div class=\"productView-price\">\n\t                    {{#or customer (if theme_settings.restrict_to_login '!==' true)}}\n\t                        {{> components/products/price price=product.price schema_org=schema}}\n\t                    {{else}}\n\t                        {{> components/common/login-for-pricing}}\n\t                    {{/or}}\n\t                    {{#if product.call_for_price}}\n\t                        <p><span>{{product.call_for_price}}</span></p>\n\t                    {{/if}}\n\t                </div>\n\t                {{#if product.detail_messages}}\n\t                    <div class=\"productView-messages\">\n\t                        {{product.detail_messages}}\n\t                    </div>\n\t                {{/if}}\n\t            </div>\n\t        </div>\n\t        <div class=\"productView-details product-options\">\n\t        \t<div class=\"productView-options halo-productOptions\">\n\t                {{#if product.release_date }}\n\t                    <p class=\"productView-releaseDate\">{{product.release_date}}</p>\n\t                {{/if}}\n\t                <form class=\"form\" method=\"post\" action=\"{{product.cart_url}}\" enctype=\"multipart/form-data\" data-cart-item-add>\n\t                    <input type=\"hidden\" name=\"action\" value=\"add\">\n\t                    <input type=\"hidden\" name=\"product_id\" value=\"{{product.id}}\"/>\n\t                    <div data-product-option-change style=\"display:none;\">\n\t                        {{#each product.options}}\n\t                            {{{dynamicComponent 'components/products/options'}}}\n\t                        {{/each}}\n\t                    </div>\n\t                    {{#if theme_settings.halo_stock_level}}\n\t                        <div class=\"productView-optionsStock u-hiddenVisually\">\n\t                            <span>{{lang 'products.stock_hurry_up'}}</span>\n\t                            <span data-stock-left></span>\n\t                            <span>{{lang 'products.stock_left'}}</span>\n\t                        </div>\n\t                    {{else}}\n\t                        <div class=\"form-field form-field--stock{{#unless product.stock_level}} u-hiddenVisually{{/unless}}\">\n\t                            <label class=\"form-label\">\n\t                                {{lang 'products.current_stock'}}\n\t                                <span data-product-stock>{{product.stock_level}}</span>\n\t                            </label>\n\t                        </div>\n\t                    {{/if}}\n\t                    {{#if product.options}}\n\t                        {{> components/products/add-to-cart}}\n\t                    {{else}}\n\t                        {{#if product.can_purchase}}\n\t                            {{> components/products/add-to-cart}}\n\t                        {{/if}}\n\t                        {{#if product.out_of_stock}}\n\t                            <div class=\"productView-actions productView-actions-2\">\n\t                                {{#if product.out_of_stock_message}}\n\t                                    <div class=\"form-action form-action2\">\n\t                                        <span class=\"form-action-text\">{{product.out_of_stock_message}}</span>\n\t                                    </div>\n\t                                {{else}}\n\t                                    <div class=\"form-action form-action2\">\n\t                                        <span class=\"form-action-text\">{{lang products.sold_out}}</span>\n\t                                    </div>\n\t                                {{/if}}\n\t                            </div>\n\t                        {{/if}}\n\t                    {{/if}}\n\t                </form>\n\t                {{#if settings.show_wishlist}}\n\t                    {{> components/common/wishlist-dropdown}}\n\t                {{/if}}\n\t            </div>\n\t            {{> components/halothemes/product/halo-notify-me-out-of-stock}}\n\t            {{#if theme_settings.product_viewingProduct}}\n\t                <div class=\"productView-ViewingProduct\">\n\t                    <svg class=\"icon\"><use xlink:href=\"#icon-eye\"></use></svg>5 customers are viewing this product\n\t                </div>\n\t            {{/if}}\n\t            <div class=\"productView-share\">\n\t                {{> components/common/share type=theme_settings.halo_share code=theme_settings.halo_share_code}}\n\t            </div>\n\t            {{> components/halothemes/product/halo-product-security-image}}\n\t        </div>\n\t    </div>\n\t</div>\n</div>\n",
  "components/common/responsive-img": "{{!--\nThis file implements the lazysizes srcset pattern (as seen on\nhttps://github.com/aFarkas/lazysizes#modern-transparent-srcset-pattern) for maximum performance on modern browsers\nand reasonable compatibility with legacy browsers.\n\nThere are a few important arguments to know about when using this component:\n`lazyload`:\n    - If set to 'lazyload+lqip', will load a low-res image which will be replaced by lazysizes - ensuring that SOME\n    content is shown immediately on page load. Without LQIP, a transparent gif will be used instead, which reduces\n    the number of requests needed to load the page, making it even faster.\n    - If set to 'lazyload', the browser will not load the full-size image at first, instead the lazysizes plugin will\n        load it progressively after page load. This improves the load speed of the page, but it should be disabled for\n        high-priority above-the-fold images.\n    - If set to 'disabled', will not attempt to lazyload the image and instead tell the browser to load it immediately.\n        Use this for high-priority images that are above the fold.\n\n`fallback_size`:\n    This is the size to use for this image in legacy browsers that do not support srcset.\n    Can be defined as a pixel bounding-box size (e.g. \"123x123) or inherent width (e.g. \"123w\").\n\n`class`:\n    The CSS classes to add to the image, e.g. \"card-image\". If lazyloading is enabled, all images will have the\n    \"lazyload\" class so that lazysizes will target them automatically.\n\n`otherAttributes`:\n    Any other HTML attributes you want on the img tag, for example \"height='100' width='100'\"\n\n`default_image`:\n    The default image to use if `image` is undefined or falsy. Should be a theme asset, usually defined as a relative\n    path in the theme config. If a default image is not provided, you'll get an image tag with no image if the primary\n    image is undefined.\n\n`lqip_size`:\n    If you want to specify a particular size for the LQIP image, you can do so with this argument. A default of 80\n    pixels wide will be used otherwise. This argument has no effect if the lazyload mode is not \"lazyload+lqip\".\n\n--}}\n<img {{#if image}}{{!-- Get the default image for legacy browsers that do not support srcset\n--}}src=\"{{getImageSrcset image 1x=(default fallback_size '160w')}}\" alt=\"{{image.alt}}\" title=\"{{image.alt}}\" {{!--\n  Allow lazysizes to generate the 'sizes' attribute automatically --}}data-sizes=\"auto\"\n  {{#unless lazyload '==' 'disabled'}}\n    {{#if lazyload '==' 'lazyload+lqip'}}\n    {{!-- If we want a LQIP, include it as the default srcset (will be overwritten by lazysizes) --}}\n    srcset=\"{{getImageSrcset image 1x=(default lqip_size '80w')}}\"\n    {{else}}\n      {{!-- If we don't want a LQIP, use a 1px transparent gif for the stand-in image\n            This requires no additional network request, so it's fast --}}\n    srcset=\"data:image/gif;base64,R0lGODlhAQABAIAAAP///wAAACH5BAEAAAAALAAAAAABAAEAAAICRAEAOw==\"\n    {{/if}}\n{{/unless}}\n{{!-- If lazyloading is disabled, just use \"srcset\". If it is not disabled, use \"data-srcset\" so lazysizes will use\n      this after page load --}}\n{{!--\nGenerate the srcset string using the default sizes defined in the helper. This will allow the browser to\npick the best-sized image based on its own understanding of how it will render the page.\n--}}\n{{#unless lazyload '==' 'disabled'}}data-{{/unless}}srcset=\"{{getImageSrcset image use_default_sizes=true }}\"\n{{else if default_image}}src=\"{{cdn default_image}}\"{{/if}}\nclass=\"{{#unless lazyload '==' 'disabled'}}lazyload{{/unless}}{{#if class}} {{class}}{{/if}}\"\n{{#if lazyload '==' 'lazyload'}}loading=\"lazy\"{{/if}}\n{{otherAttributes}} />\n",
  "components/products/bulk-discount-rates": "{{#if bulk_discount_rates.length}}\n    <div class=\"productView-info-item\">\n        <span class=\"productView-info-name\">{{lang 'products.bulk_pricing.title'}}</span>\n        <span class=\"productView-info-value\">\n            <a href=\"{{product.url}}#bulk_pricing\"\n               {{#unless is_ajax }}data-reveal-id=\"modal-bulk-pricing\"{{/unless}}>\n                {{lang 'products.bulk_pricing.view'}}\n            </a>\n        </span>\n        <div id=\"modal-bulk-pricing\" class=\"modal modal--bulk-pricing modal--small\" data-reveal>\n            <div class=\"modal-header\">\n                <h2 class=\"modal-header-title\">{{lang 'products.bulk_pricing.modal_title'}}</h2>\n                <a href=\"#\" class=\"modal-close\" aria-label=\"Close\"><span aria-hidden=\"true\">&#215;</span></a>\n            </div>\n            <div class=\"modal-body\">\n                <p>{{lang 'products.bulk_pricing.instructions'}}</p>\n                <ul>\n                    {{#each bulk_discount_rates}}\n                    <li>\n                        {{lang 'products.bulk_pricing.range' min=min max=max}}\n                        {{#if type '===' 'percent'}}\n                        {{lang 'products.bulk_pricing.percent' discount=discount.formatted}}\n                        {{else if type '===' 'fixed'}}\n                        {{lang 'products.bulk_pricing.fixed' discount=discount.formatted}}\n                        {{else if type '===' 'price'}}\n                        {{lang 'products.bulk_pricing.price' discount=discount.formatted}}\n                        {{/if}}\n                    </li>\n                    {{/each}}\n                </ul>\n            </div>\n        </div>\n    </div>\n{{/if}}\n",
  "components/halothemes/product/halo-product-countdown": "{{#if theme_settings.halo-product-countdown-show}}\r\n\t{{#if theme_settings.halo-product-countdown '==' 'all'}}\r\n\t\t<div class=\"productView-countDown countdown_{{id}}\" data-countdown-id=\"{{id}}\" data-countdown=\"{{theme_settings.halo-product-countdown-time}}\"></div>\r\n\t{{else if theme_settings.halo-product-countdown '==' 'custom'}}\r\n\t\t{{#each custom_fields}}\r\n\t\t    {{#if name '==' '__countdown'}}\r\n\t\t        <div class=\"productView-countDown countdown_{{../../id}}\" data-countdown-id=\"{{../../id}}\" data-countdown=\"{{{value}}}\"></div>\r\n\t\t    {{/if}}\r\n\t\t{{/each}}\r\n\t{{/if}}\r\n{{/if}}\r\n",
  "components/products/ratings": "{{#for 1 5}}\n    {{#if ../this.rating '>=' $index}}\n        <span class=\"icon icon--ratingFull\">\n            <svg>\n                <use xlink:href=\"#icon-star\" />\n            </svg>\n        </span>\n    {{else}}\n        <span class=\"icon icon--ratingEmpty\">\n            <svg>\n                <use xlink:href=\"#icon-star\" />\n            </svg>\n        </span>\n    {{/if}}\n{{/for}}\n",
  "components/products/price": "{{!-- There are 2 code paths for generating the PDP pricing HTML determined by the following #and condition. \nIf a 'price_range' exists then we generate all HTML in price-range.html, otherwise it is defined here. Both code\npaths generate the same HTML structure with some differences in whether that element is displayed by default (css styling).\n\nIf you are making a change here or in price-range.html, you probably want to make that change in both files. --}}\n\n{{#and price.price_range (if theme_settings.price_ranges '==' true)}}\n    {{> components/products/price-range price=price schema_org=schema_org}}\n{{else}}\n    {{#if price.with_tax}}\n        <div class=\"price-section price-section--withTax rrp-price--withTax\" {{#unless price.rrp_with_tax}}style=\"display: none;\"{{/unless}}>\n            {{theme_settings.pdp-retail-price-label}}\n            <span data-product-rrp-with-tax class=\"price price--rrp\">\n                {{price.rrp_with_tax.formatted}}\n            </span>\n        </div>\n        <div class=\"price-section price-section--withTax non-sale-price--withTax{{#unless price.non_sale_price_with_tax}} price-none{{/unless}}\" {{#unless price.non_sale_price_with_tax}}style=\"display: none;\"{{/unless}}>\n            {{theme_settings.pdp-non-sale-price-label}}\n            <span data-product-non-sale-price-with-tax class=\"price price--non-sale\">\n                {{price.non_sale_price_with_tax.formatted}}\n            </span>\n        </div>\n        <div class=\"price-section price-section--withTax price-with-sale\" {{#if schema_org}}itemprop=\"offers\" itemscope itemtype=\"http://schema.org/Offer\"{{/if}}>\n            <span class=\"price-label\" {{#if price.non_sale_price_with_tax}}style=\"display: none;\"{{/if}}>\n                {{theme_settings.pdp-price-label}}\n            </span>\n            <span class=\"price-now-label\" {{#unless price.non_sale_price_with_tax}}style=\"display: none;\"{{/unless}}>\n                {{theme_settings.pdp-sale-price-label}}\n            </span>\n            <span data-product-price-with-tax class=\"price price--withTax\">{{price.with_tax.formatted}}</span>\n            {{#if schema_org}}\n                <meta itemprop=\"availability\" itemtype=\"http://schema.org/ItemAvailability\" \n                \tcontent=\"http://schema.org/{{#if product.pre_order}}PreOrder{{else if product.out_of_stock}}OutOfStock{{else if product.can_purchase '===' false}}OutOfStock{{else}}InStock{{/if}}\">\n                <meta itemprop=\"itemCondition\" itemtype=\"http://schema.org/OfferItemCondition\" content=\"http://schema.org/{{product.condition}}Condition\">\n                <meta itemprop=\"priceCurrency\" content=\"{{currency_selector.active_currency_code}}\">\n                <meta itemprop=\"url\" content=\"{{product.url}}\">\n                <div itemprop=\"priceSpecification\" itemscope itemtype=\"http://schema.org/PriceSpecification\">\n                    <meta itemprop=\"price\" content=\"{{price.with_tax.value}}\">\n                    <meta itemprop=\"priceCurrency\" content=\"{{currency_selector.active_currency_code}}\">\n                    <meta itemprop=\"valueAddedTaxIncluded\" content=\"true\">\n                </div>\n            {{/if}}\n            {{#if price.without_tax}}\n                <abbr title=\"{{lang 'products.including_tax'}}\">{{lang 'products.price_with_tax' tax_label=price.tax_label}}</abbr>\n            {{/if}}\n        </div>\n    {{/if}}\n    {{#if price.without_tax}}\n        <div class=\"price-section price-section--withoutTax rrp-price--withoutTax{{#if price.with_tax}} price-section--minor{{/if}}\" {{#unless price.rrp_without_tax}}style=\"display: none;\"{{/unless}}\">\n            {{theme_settings.pdp-retail-price-label}}\n            <span data-product-rrp-price-without-tax class=\"price price--rrp\"> \n                {{price.rrp_without_tax.formatted}}\n            </span>\n        </div>\n        <div class=\"price-section price-section--withoutTax non-sale-price--withoutTax{{#if price.with_tax}} price-section--minor{{/if}}{{#unless price.non_sale_price_without_tax}} price-none{{/unless}}\" {{#unless price.non_sale_price_without_tax}}style=\"display: none;\"{{/unless}}>\n            {{theme_settings.pdp-non-sale-price-label}}\n            <span data-product-non-sale-price-without-tax class=\"price price--non-sale\">\n                {{price.non_sale_price_without_tax.formatted}}\n            </span>\n        </div>\n        <div class=\"price-section price-section--withoutTax\" {{#if schema_org}}itemprop=\"offers\" itemscope itemtype=\"http://schema.org/Offer\"{{/if}}>\n            <span class=\"price-label\" {{#if price.non_sale_price_without_tax}}style=\"display: none;\"{{/if}}>\n                {{theme_settings.pdp-price-label}}\n            </span>\n            <span class=\"price-now-label\" {{#unless price.non_sale_price_without_tax}}style=\"display: none;\"{{/unless}}>\n                {{theme_settings.pdp-sale-price-label}}\n            </span>\n            <span data-product-price-without-tax class=\"price price--withoutTax{{#if price.with_tax}} price-section--minor{{/if}}\">{{price.without_tax.formatted}}</span>\n            {{#if schema_org}}\n                <meta itemprop=\"availability\" itemtype=\"http://schema.org/ItemAvailability\"\n                    content=\"http://schema.org/{{#if product.pre_order}}PreOrder{{else if product.out_of_stock}}OutOfStock{{else if product.can_purchase '===' false}}OutOfStock{{else}}InStock{{/if}}\">\n                <meta itemprop=\"itemCondition\" itemtype=\"http://schema.org/OfferItemCondition\" content=\"http://schema.org/{{product.condition}}Condition\">\n                <meta itemprop=\"priceCurrency\" content=\"{{currency_selector.active_currency_code}}\">\n                <meta itemprop=\"url\" content=\"{{product.url}}\">\n                <div itemprop=\"priceSpecification\" itemscope itemtype=\"http://schema.org/PriceSpecification\">\n                    <meta itemprop=\"price\" content=\"{{price.without_tax.value}}\">\n                    <meta itemprop=\"priceCurrency\" content=\"{{currency_selector.active_currency_code}}\">\n                    <meta itemprop=\"valueAddedTaxIncluded\" content=\"false\">\n                </div>\n            {{/if}}\n            {{#if price.with_tax}}\n                <abbr title=\"{{lang 'products.excluding_tax'}}\">{{lang 'products.price_without_tax' tax_label=price.tax_label}}</abbr>\n            {{/if}}\n        </div>\n    {{/if}}\n    {{#if page_type '===' 'product'}}\n         <div class=\"price-section price-section--saving price\" {{#unless price.saved}}style=\"display: none;\"{{/unless}}>\n                <span class=\"price\">{{lang 'products.you_save_opening_text'}}</span>\n                <span data-product-price-saved class=\"price price--saving\">\n                    {{price.saved.formatted}}\n                </span>\n                <span class=\"price\">{{lang 'products.you_save_closing_bracket'}}</span>\n         </div>\n    {{/if}}\n{{/and}}\n",
  "components/common/login-for-pricing": "<p translate>Log in for pricing</p>\n",
  "components/products/add-to-cart": "<div class=\"alertBox alertBox--error productAttributes-message\" style=\"display:none\">\n    <div class=\"alertBox-column alertBox-icon\">\n        <svg class=\"icon\"><use xlink:href=\"#icon-info\"></use></svg>\n    </div>\n    <p class=\"alertBox-column alertBox-message\"></p>\n</div>\n<div class=\"productView-actions\">\n    {{#if theme_settings.show_product_quantity_box}}\n        <div class=\"form-field form-field--increments\">\n            <label class=\"form-label\" for=\"qty[]\">{{lang 'products.quantity'}}</label>\n            <div class=\"form-increment\" data-quantity-change>\n                <input class=\"form-input form-input--incrementTotal\"\n                    id=\"qty[]\"\n                    name=\"qty[]\"\n                    type=\"number\"\n                    value=\"{{#if product.min_purchase_quantity}}{{product.min_purchase_quantity}}{{else}}1{{/if}}\"\n                    data-quantity-min=\"{{product.min_purchase_quantity}}\"\n                    data-quantity-max=\"{{product.max_purchase_quantity}}\"\n                    min=\"1\"\n                    pattern=\"[0-9]*\"\n                    aria-live=\"polite\">\n            </div>\n        </div>\n    {{/if}}\n    {{#all layout sticky}}\n        <div class=\"form-actionFix{{#unless theme_settings.show_product_quantity_box}} form-actionFix2{{/unless}}\">\n    {{/all}}\n        {{#or customer (if theme_settings.restrict_to_login '!==' true)}}\n            <div class=\"form-action{{#unless theme_settings.show_product_quantity_box}} form-action2{{/unless}}\" role=\"status\" aria-live=\"polite\">\n                <input id=\"form-action-addToCart\" data-wait-message=\"{{lang 'products.adding_to_cart'}}\" class=\"button button--primary\" type=\"submit\"\n                    value=\"{{#if product.pre_order}}{{lang 'products.pre_order'}}{{else}}{{lang 'products.add_to_cart'}}{{/if}}\">\n            </div>\n        {{else}}\n            <div class=\"form-action{{#unless theme_settings.show_product_quantity_box}} form-action2{{/unless}}\">\n                <span class=\"form-action-text\">\n                    <span class=\"text\">{{lang 'common.restrict_to_login'}}</span>\n                </span>\n            </div>\n        {{/or}}\n    {{#all layout sticky}}\n        </div>\n    {{/all}}\n</div>\n{{#or customer (if theme_settings.restrict_to_login '!==' true)}}\n    {{#if theme_settings.halo_buy_it_now}}\n        <div class=\"productView-actions productView-actions--buyItNow\">\n            <div class=\"form-action form-action--buyItNow\">\n                <input id=\"form-action-buyItNow\" data-wait-message=\"{{lang 'products.adding_to_cart'}}\" class=\"button button--secondary button--transparent-2 button--buyItNow\" type=\"submit\"\n                value=\"{{lang 'products.buy_it_now'}}\">\n            </div>\n        </div>\n    {{/if}}\n{{/or}}\n",
  "components/common/wishlist-dropdown": "{{#or customer (if theme_settings.restrict_to_login '!==' true)}}\n    <form action=\"{{product.add_to_wishlist_url}}\" class=\"form form-wishlist form-action{{#if product.out_of_stock}} form-wishlist-2{{/if}}{{#unless product.out_of_stock}}{{#if theme_settings.halo_buy_it_now}} form-wishlist-3{{/if}}{{/unless}}\" data-wishlist-add method=\"post\">\n{{else}}\n    <form action=\"{{product.add_to_wishlist_url}}\" class=\"form form-wishlist form-action\" data-wishlist-add method=\"post\">\n{{/or}}\n    <a aria-controls=\"wishlist-dropdown\"\n        aria-expanded=\"false\"\n        class=\"button dropdown-menu-button\"\n        data-dropdown=\"wishlist-dropdown-{{product.id}}\"\n        href=\"#\"\n    >\n        <span class=\"text\">{{lang 'account.wishlists.add_item'}}</span>\n        <svg class=\"icon\" role=\"img\" aria-label=\"{{lang 'account.wishlists.heading'}}\">\n            <title>{{lang 'account.wishlists.heading'}}</title>\n            <desc>{{lang 'account.wishlists.heading'}}</desc>\n            <use xlink:href=\"#icon-heart\"></use>\n        </svg>\n    </a>\n    <ul aria-hidden=\"true\" class=\"dropdown-menu\" data-dropdown-content id=\"wishlist-dropdown-{{product.id}}\">\n        {{#if customer.wishlists}}\n            {{#each customer.wishlists}}\n                <li>\n                    <input class=\"button {{#if this.num_items '!==' '0'}}button--has-items{{/if}}\"\n                        formaction=\"{{this.add_url}}&product_id={{../product.id}}\"\n                        type=\"submit\"\n                        value=\"{{this.name}}\"\n                    >\n                </li>\n            {{/each}}\n        {{else}}\n            <li>\n                <input class=\"button\" type=\"submit\" value=\"{{lang 'account.wishlists.add_to_default'}}\">\n            </li>\n        {{/if}}\n        <li>\n            <a data-wishlist class=\"button\" href=\"/wishlist.php?action=addwishlist&product_id={{product.id}}\">{{lang 'account.wishlists.create_new'}}</a>\n        </li>\n    </ul>\n</form>\n",
  "components/common/share": "{{#if type '==' 'custom'}}\n    <div class=\"social-mediaBlock\">\n        <div class=\"addthis_inline_share_toolbox\"></div>\n        <script type=\"text/javascript\" src=\"//s7.addthis.com/js/300/addthis_widget.js{{code}}\"></script>\n    </div>\n{{else if type '==' 'default'}}\n    {{#if settings.add_this.buttons}}\n        <div class=\"addthis_toolbox addthis_32x32_style\" addthis:url=\"{{url}}\"\n             addthis:title=\"{{title}}\">\n            <ul class=\"socialLinks\">\n                {{#each settings.add_this.buttons}}\n                    <li class=\"socialLinks-item socialLinks-item--{{service}}\">\n                        <a class=\"addthis_button_{{service}} socialLinks__link icon icon--{{service}}\"\n                           title=\"{{{capitalize service}}}\"\n                           href=\"#\"\n                           {{{annotation}}}\n                        >\n                            <span class=\"aria-description--hidden\">{{{capitalize service}}}</span>\n                            {{#if service '===' 'facebook'}}\n                                <svg class=\"icon\" role=\"img\" aria-label=\"{{service}}\">\n                                    <title>{{service}}</title>\n                                    <desc>{{service}}</desc>\n                                    <use xlink:href=\"#icon-facebook\"></use>\n                                </svg>\n                            {{else if service '===' 'email'}}\n                                <svg class=\"icon\" role=\"img\" aria-label=\"{{service}}\">\n                                    <title>{{service}}</title>\n                                    <desc>{{service}}</desc>\n                                    <use xlink:href=\"#icon-envelope\"/>\n                                </svg>\n                            {{else if service '===' 'print'}}\n                                <svg class=\"icon\" role=\"img\" aria-label=\"{{service}}\">\n                                    <title>{{service}}</title>\n                                    <desc>{{service}}</desc>\n                                    <use xlink:href=\"#icon-print\"/>\n                                </svg>\n                            {{else if service '===' 'twitter'}}\n                                <svg class=\"icon\" role=\"img\" aria-label=\"{{service}}\">\n                                    <title>{{service}}</title>\n                                    <desc>{{service}}</desc>\n                                    <use xlink:href=\"#icon-twitter\"/>\n                                </svg>\n                            {{else if service '===' 'linkedin'}}\n                                <svg class=\"icon\" role=\"img\" aria-label=\"{{service}}\">\n                                    <title>{{service}}</title>\n                                    <desc>{{service}}</desc>\n                                    <use xlink:href=\"#icon-linkedin\"/>\n                                </svg>\n                            {{else if service '===' 'google'}}\n                                <svg class=\"icon\" role=\"img\" aria-label=\"{{service}}\">\n                                    <title>{{service}}</title>\n                                    <desc>{{service}}</desc>\n                                    <use xlink:href=\"#icon-google\"/>\n                                </svg>\n                            {{else if service '===' 'pinterest'}}\n                                <svg class=\"icon\" role=\"img\" aria-label=\"{{service}}\">\n                                    <title>{{service}}</title>\n                                    <desc>{{service}}</desc>\n                                    <use xlink:href=\"#icon-pinterest\"/>\n                                </svg>\n                            {{/if}}\n                        </a>\n                    </li>\n                {{/each}}\n            </ul>\n            <script type=\"text/javascript\"\n                    defer src=\"//s7.addthis.com/js/300/addthis_widget.js#pubid=ra-4e94ed470ee51e32\"></script>\n            <script>\n                window.addEventListener('DOMContentLoaded', function() {\n                    if (typeof(addthis) === \"object\") {\n                        addthis.toolbox('.addthis_toolbox');\n                    }\n                });\n            </script>\n        </div>\n    {{/if}}\n    {{#if settings.facebook_like_button.enabled}}\n        <iframe\n            class=\"facebook{{#if settings.facebook_like_button.verb '===' 'recommend'}}Recommend{{else}}Like{{/if}}Btn\"\n            style=\"border:none; overflow:hidden; margin: 0; padding: 0; position:absolute\"\n            src=\"https://www.facebook.com/plugins/like.php?href={{settings.facebook_like_button.href}}&amp;layout=button_count{{#if settings.facebook_like_button.verb '===' 'recommend'}}&amp;action=recommend{{/if}}&amp;colorscheme=light&amp;height=20\"\n            scrolling=\"no\"\n            frameborder=\"0\"\n            allowTransparency=\"true\">\n        </iframe>\n    {{/if}}\n{{/if}}\n",
  "components/halothemes/product/halo-notify-me-out-of-stock": "{{#if theme_settings.halo_notify_me}}\r\n    {{#if product.out_of_stock}}\r\n        <div class=\"productView-notifyMe\" data-product-title=\"{{product.title}}\" data-product-url=\"{{product.url}}\">\r\n            <form class=\"productView-notifyMe-form\" method=\"post\" action=\"\">\r\n                <div class=\"form-field\">\r\n                    <label class=\"form-label\" for=\"halo_notify_email\">{{theme_settings.halo_notify_me-text}}</label>\r\n                    <input class=\"form-input\" aria-required=\"true\" type=\"email\" name=\"email\" id=\"halo_notify_email\" placeholder=\"{{lang 'common.insert_email_address'}}\">\r\n                    <button type=\"button\" class=\"button button--primary\" id=\"halo_notify_submit\" disabled>{{lang 'common.email_submit'}}</button>\r\n                </div>\r\n                <div class=\"form-field form-field-checkbox\">\r\n                    <input class=\"form-checkbox\" type=\"checkbox\" id=\"term-out-of-stock\" name=\"term-out-of-stock\" value=\"Terms Conditions\">\r\n                    <label class=\"form-label\" for=\"term-out-of-stock\">\r\n                        I agree with the <span>Terms and conditions</span>\r\n                    </label>\r\n                </div>\r\n            </form>\r\n            <div class=\"productView-notifyMe-text\"></div>\r\n        </div>\r\n    {{/if}}\r\n{{/if}}\r\n",
  "components/products/options/date": "<div class=\"form-field\" data-product-attribute=\"date\">\n    <label class=\"form-label form-label--inlineSmall\" {{#if style}}style=\"{{style}}\" {{/if}}>\n        {{this.display_name}}\n        {{> components/common/requireness-msg}}\n    </label>\n    <select class=\"form-select form-select--date\" name=\"attribute[{{this.id}}][month]\" {{#if required}}required{{/if}}>\n        <option value=\"\">{{lang 'common.month'}}</option>\n        {{#for 1 12}}\n            <option value=\"{{$index}}\" {{#if ../selected_date.month '==' $index}}selected=\"selected\"{{/if}}>\n                {{lang (concat 'common.short_months.' $index)}}\n            </option>\n        {{/for}}\n    </select>\n    <select class=\"form-select form-select--date\" name=\"attribute[{{this.id}}][day]\" {{#if required}}required{{/if}}>\n        <option value=\"\">{{lang 'common.day'}}</option>\n        {{#for 1 31}}\n            <option value=\"{{$index}}\" {{#if ../selected_date.day '==' $index}}selected=\"selected\"{{/if}}>\n                {{$index}}\n            </option>\n        {{/for}}\n    </select>\n    <select class=\"form-select form-select--date\" name=\"attribute[{{this.id}}][year]\" {{#if required}}required{{/if}}>\n        <option value=\"\">{{lang 'common.year'}}</option>\n        {{#for earliest_year latest_year}}\n            <option value=\"{{$index}}\" {{#if ../selected_date.year '==' $index}}selected=\"selected\"{{/if}}>\n                {{$index}}\n            </option>\n        {{/for}}\n        {{#if earliest_year '==' latest_year}}\n        <option value=\"{{earliest_year}}\" selected=\"selected\">{{earliest_year}}</option>\n        {{/if}}\n    </select>\n</div>\n",
  "components/products/options/input-checkbox": "<div class=\"form-field\" data-product-attribute=\"input-checkbox\">\n    <label class=\"form-label form-label--inlineSmall\">\n        {{display_name}}\n        {{> components/common/requireness-msg}}\n    </label>\n    <input type=\"hidden\" name=\"attribute[{{id}}]\" value=\"{{noValue}}\" />\n    <input\n        class=\"form-checkbox\"\n        type=\"checkbox\"\n        name=\"attribute[{{id}}]\"\n        id=\"attribute-check-{{id}}\"\n        value=\"{{value}}\"\n        {{#if checked}}\n            checked\n            data-default\n        {{/if}}\n        {{#if required}}required{{/if}}>\n\n    <label class=\"form-label {{class}}\" for=\"attribute-check-{{id}}\">{{label}}</label>\n</div>\n",
  "components/halothemes/product/halo-product-security-image": "{{#if theme_settings.halo-product-security-image}}\r\n    {{#or (if theme_settings.halo-product-security-image-1) (if theme_settings.halo-product-security-image-2) (if theme_settings.halo-product-security-image-3) (if theme_settings.halo-product-security-image-4)}}\r\n        <div class=\"productView-securityImage\">\r\n            <ul>\r\n                {{#if theme_settings.halo-product-security-image-1}}\r\n                    <li>\r\n                        <img class=\"lazyload\" src=\"{{cdn 'img/loading.svg'}}\" data-src=\"https://cdn11.bigcommerce.com/s-{{settings.store_hash}}/product_images/uploaded_images/{{theme_settings.halo-product-security-image-1}}\" alt=\"{{theme_settings.halo-product-security-image-1}}\">\r\n                    </li>\r\n                {{/if}}\r\n                {{#if theme_settings.halo-product-security-image-2}}\r\n                    <li>\r\n                        <img class=\"lazyload\" src=\"{{cdn 'img/loading.svg'}}\" data-src=\"https://cdn11.bigcommerce.com/s-{{settings.store_hash}}/product_images/uploaded_images/{{theme_settings.halo-product-security-image-2}}\" alt=\"{{theme_settings.halo-product-security-image-2}}\" title=\"{{theme_settings.halo-product-security-image-2}}\">\r\n                    </li>\r\n                {{/if}}\r\n                {{#if theme_settings.halo-product-security-image-3}}\r\n                    <li>\r\n                        <img class=\"lazyload\" src=\"{{cdn 'img/loading.svg'}}\" data-src=\"https://cdn11.bigcommerce.com/s-{{settings.store_hash}}/product_images/uploaded_images/{{theme_settings.halo-product-security-image-3}}\" alt=\"{{theme_settings.halo-product-security-image-3}}\" title=\"{{theme_settings.halo-product-security-image-3}}\">\r\n                    </li>\r\n                {{/if}}\r\n                {{#if theme_settings.halo-product-security-image-4}}\r\n                    <li>\r\n                        <img class=\"lazyload\" src=\"{{cdn 'img/loading.svg'}}\" data-src=\"https://cdn11.bigcommerce.com/s-{{settings.store_hash}}/product_images/uploaded_images/{{theme_settings.halo-product-security-image-4}}\" alt=\"{{theme_settings.halo-product-security-image-4}}\" title=\"{{theme_settings.halo-product-security-image-4}}\">\r\n                    </li>\r\n                {{/if}}\r\n            </ul>\r\n        </div>\r\n    {{/or}}\r\n{{/if}}\r\n",
  "components/products/options/input-file": "<div class=\"form-field\" data-product-attribute=\"input-file\">\n    <label class=\"form-label form-label--inlineSmall\" for=\"attribute_file_{{id}}\">\n        {{ this.display_name }}\n        {{> components/common/requireness-msg}}\n    </label>\n\n    <input class=\"form-file\" type=\"file\" id=\"attribute_file_{{id}}\" name=\"attribute[{{this.id}}]\" {{#if required}}required{{/if}}>\n    {{#if original_name}}\n        {{{lang 'products.file_option_set' url=file_url name=original_name}}}\n        <label>{{lang 'cart.remove_file'}}<input type=\"checkbox\" name=\"{{file_remove}}\"></label>\n    {{/if}}\n    <p class=\"form-fileDescription\">\n        {{#if file_size}}\n            {{lang 'products.max_filesize'}}\n            <strong>{{file_size}}{{lang 'products.kilobytes_abbreviation'}}</strong>,\n        {{/if}}\n        {{#if file_types}}\n            {{lang 'products.filetypes'}} <strong>{{file_types}}</strong>\n        {{/if}}\n    </p>\n\n</div>\n",
  "components/products/options/input-numbers": "<div class=\"form-field\" data-product-attribute=\"input-number\">\n    <label class=\"form-label form-label--inlineSmall\" for=\"attribute_number_{{id}}\">\n        {{ this.display_name }}\n        {{> components/common/requireness-msg}}\n    </label>\n\n    <input class=\"form-input\" type=\"number\" id=\"attribute_number_{{id}}\" {{#unless this.integer_only}}step=\"any\"{{/unless}} name=\"attribute[{{this.id}}]\" value=\"{{this.prefill}}\" {{#if required}}required{{/if}}>\n</div>\n",
  "components/products/options/input-text": "<div class=\"form-field\" data-product-attribute=\"input-text\">\n    <label class=\"form-label form-label--inlineSmall\" for=\"attribute_text_{{id}}\">\n        {{ this.display_name }}\n        {{> components/common/requireness-msg}}\n    </label>\n\n    <input class=\"form-input form-input--small\" type=\"text\" id=\"attribute_text_{{id}}\" name=\"attribute[{{this.id}}]\" value=\"{{this.prefill}}\" {{#if required}}required{{/if}} {{#if max_length}}maxlength=\"{{max_length}}\"{{/if}}>\n</div>\n",
  "components/products/options/product-list": "<div class=\"form-field\" data-product-attribute=\"product-list\" role=\"radiogroup\" aria-labelledby=\"product-list-label\">\n    <label class=\"form-label form-label--inlineSmall\" id=\"product-list-label\">\n        {{display_name}}\n        {{> components/common/requireness-msg}}\n        <span data-option-value></span>\n    </label>\n\n    {{#if values.0.image}}\n        <ul class=\"productOptions-list haloCustomScrollbar\">\n            {{#unless required}}\n                <li class=\"productOptions-list-item\">\n                    <input class=\"form-radio\"\n                           type=\"radio\"\n                           name=\"attribute[{{id}}]\"\n                           value=\"\"\n                           id=\"attribute_productlist_{{../id}}_none\"\n                           checked=\"{{#if defaultValue '==' ''}}checked{{/if}}\">\n                    <label class=\"form-label\" for=\"attribute_productlist_{{../id}}_none\">{{lang 'products.none'}}</label>\n                </li>\n            {{/unless}}\n            {{#each values}}\n                <li class=\"productOptions-list-item\" data-product-attribute-value=\"{{id}}\">\n                    {{#if image}}\n                        <figure class=\"productOptions-list-item-figure\">\n                            {{> components/common/responsive-img\n                                image=image\n                                class=\"productOptions-list-item-image\"\n                                lazyload='lazyload+lqip'\n                            }}\n                        </figure>\n                    {{/if}}\n                    <div class=\"productOptions-list-item-content\">\n                        <input\n                            class=\"form-radio\"\n                            type=\"radio\"\n                            name=\"attribute[{{../id}}]\"\n                            value=\"{{id}}\"\n                            id=\"attribute_productlist_{{../id}}_{{id}}\"\n                            {{#if selected}}\n                                checked\n                                data-default\n                            {{/if}}\n                            {{#if ../required}}required{{/if}}>\n                        <label data-product-attribute-value=\"{{id}}\" class=\"form-label\" for=\"attribute_productlist_{{../id}}_{{id}}\">{{label}}</label>\n                    </div>\n                </li>\n            {{/each}}\n        </ul>\n    {{else}}\n        {{#unless required}}\n        <input class=\"form-radio\"\n               type=\"radio\"\n               name=\"attribute[{{id}}]\"\n               value=\"0\"\n               id=\"attribute_productlist_0_{{id}}\"\n               {{#if defaultValue '==' 0}}checked{{/if}}>\n        <label class=\"form-label\" for=\"attribute_productlist_0_{{id}}\">{{lang 'products.none'}}</label>\n        {{/unless}}\n        {{#each values}}\n            <input\n                class=\"form-radio\"\n                type=\"radio\"\n                name=\"attribute[{{../id}}]\"\n                value=\"{{id}}\"\n                id=\"attribute_productlist_{{../id}}_{{id}}\"\n                {{#if selected}}checked{{/if}}\n                {{#if ../required}}required{{/if}}>\n            <label data-product-attribute-value=\"{{id}}\" class=\"form-label\" for=\"attribute_productlist_{{../id}}_{{id}}\">{{label}}</label>\n        {{/each}}\n    {{/if}}\n</div>\n",
  "components/products/options/set-rectangle": "<div class=\"form-field\" data-product-attribute=\"set-rectangle\" data-product-option-id=\"{{id}}\">\n    <label class=\"form-label form-label--inlineSmall\">\n        {{this.display_name}}\n        {{> components/common/requireness-msg}}\n        <span data-option-value></span>\n    </label>\n\n    {{#unless required}}\n        <input\n            class=\"form-radio\"\n            type=\"radio\"\n            id=\"attribute_rectangle__{{../id}}_none\"\n            name=\"attribute[{{../id}}]\"\n            value=\"\"\n            checked=\"{{#if defaultValue '==' ''}}checked{{/if}}\"\n            data-title=\"{{this.label}}\"\n            data-index=\"{{@index}}\"\n        >\n        <label class=\"form-option\" for=\"attribute_rectangle__{{../id}}_none\">\n            <span class=\"form-option-variant\">{{lang 'products.none'}}</span>\n        </label>\n    {{/unless}}\n\n    {{#each this.values}}\n        <input\n            class=\"form-radio\"\n            type=\"radio\"\n            id=\"attribute_rectangle__{{../id}}_{{id}}\"\n            name=\"attribute[{{../id}}]\"\n            value=\"{{id}}\"\n            {{#if selected}}\n                checked\n                data-default\n            {{/if}}\n            {{#if ../required}}required{{/if}}\n            data-title=\"{{this.label}}\"\n            data-index=\"{{@index}}\"\n        >\n        <label class=\"form-option form-option-rectangle\" for=\"attribute_rectangle__{{../id}}_{{id}}\" data-product-attribute-value=\"{{id}}\">\n            {{#if this.label.length '>' 2}}\n                <span class=\"form-option-variant form-option-length\">{{this.label}}</span>\n            {{else}}\n                <span class=\"form-option-variant\">{{this.label}}</span>\n            {{/if}}\n        </label>\n    {{/each}}\n</div>\n",
  "components/products/options/set-radio": "<div class=\"form-field\" data-product-attribute=\"set-radio\" data-product-option-id=\"{{id}}\" role=\"radiogroup\" aria-labelledby=\"radio-group-label\">\n    <label class=\"form-label form-label--inlineSmall\" id=\"radio-group-label\">\n        {{ this.display_name }}\n        {{> components/common/requireness-msg}}\n        <span data-option-value></span>\n    </label>\n\n    {{#unless required}}\n        <input\n            class=\"form-radio\"\n            type=\"radio\"\n            id=\"attribute_radio_{{../id}}_none\"\n            name=\"attribute[{{../id}}]\"\n            value=\"\"\n            checked=\"{{#if defaultValue '==' ''}}checked{{/if}}\"\n            data-title=\"{{this.label}}\"\n            data-index=\"{{@index}}\"\n        >\n        <label class=\"form-label\" for=\"attribute_radio_{{../id}}_none\">{{lang 'products.none'}}</label>\n    {{/unless}}\n\n    {{#each this.values}}\n        <input\n            class=\"form-radio\"\n            type=\"radio\"\n            id=\"attribute_radio_{{../id}}_{{id}}\"\n            name=\"attribute[{{../id}}]\"\n            value=\"{{id}}\"\n            {{#if selected}}\n                checked\n                data-default\n            {{/if}}\n            {{#if ../required}}required{{/if}}\n            data-title=\"{{this.label}}\"\n            data-index=\"{{@index}}\"\n        >\n        <label data-product-attribute-value=\"{{id}}\" class=\"form-label\" for=\"attribute_radio_{{../id}}_{{id}}\">{{this.label}}</label>\n    {{/each}}\n</div>\n",
  "components/products/options/set-select": "<div class=\"form-field\" data-product-attribute=\"set-select\" data-product-option-id=\"{{id}}\">\n    <label class=\"form-label form-label--inlineSmall\" for=\"attribute_select_{{id}}\">\n        {{ this.display_name }}\n        {{> components/common/requireness-msg}}\n        <span data-option-value></span>\n    </label>\n\n    <select class=\"form-select form-select--small\" name=\"attribute[{{this.id}}]\" id=\"attribute_select_{{id}}\" {{#if required}}required{{/if}}>\n        <option value=\"\">{{lang 'products.choose_options'}}</option>\n        {{#each this.values}}\n            <option data-product-attribute-value=\"{{id}}\" value=\"{{id}}\" {{#if selected}}selected data-default{{/if}} data-title=\"{{label}}\" data-index=\"{{@index}}\">{{label}}</option>\n        {{/each}}\n    </select>\n</div>\n",
  "components/products/options/swatch": "<div class=\"form-field\" data-product-attribute=\"swatch\" data-product-option-id=\"{{id}}\" role=\"radiogroup\" aria-labelledby=\"swatchGroup\">\n    <label class=\"form-label form-label--inlineSmall\" id=\"swatchGroup\">\n        {{this.display_name}}\n        {{> components/common/requireness-msg}}\n        <span data-option-value></span>\n    </label>\n \n    {{#unless required}}\n        <input\n            class=\"form-radio\"\n            type=\"radio\"\n            name=\"attribute[{{../id}}]\"\n            value=\"\"\n            id=\"attribute_swatch_{{../id}}_none\"\n            checked=\"{{#if defaultValue '==' ''}}checked{{/if}}\"\n            aria-label=\"{{lang 'products.none'}}\"\n            data-title=\"{{this.label}}\"\n            data-index=\"{{@index}}\"\n        >\n        <label class=\"form-option form-option-swatch\" for=\"attribute_swatch_{{../id}}_none\">\n            <span class='form-option-variant form-option-variant--none' title=\"{{lang 'products.none'}}\">{{lang 'products.none'}}</span>\n        </label>\n    {{/unless}}\n\n    {{#each this.values}}\n        <input class=\"form-radio\"\n            type=\"radio\"\n            name=\"attribute[{{../id}}]\"\n            value=\"{{id}}\"\n            id=\"attribute_swatch_{{../id}}_{{id}}\"\n            {{#if selected}}checked data-default{{/if}}\n            {{#unless selected}}{{#unless @index}}checked{{/unless}}{{/unless}}\n            {{#if ../required}}required{{/if}}\n            aria-label=\"{{this.label}}\"\n            data-title=\"{{this.label}}\"\n            data-index=\"{{@index}}\"\n        >\n        <label class=\"form-option form-option-swatch\" for=\"attribute_swatch_{{../id}}_{{id}}\" data-product-attribute-value=\"{{id}}\">\n            {{#if image}}\n                <span class='form-option-variant form-option-variant--pattern' title=\"{{this.label}}\" style=\"background-image: url('{{getImage image \"swatch_option_size\"}}');\"></span>\n            {{/if}}\n            {{#if data.[2]}}\n                <span class='form-option-variant form-option-variant--color form-option-variant--color2' title=\"{{this.label}}\">\n                    <span style=\"background-color: #{{data.[0]}}\"></span>\n                    <span style=\"background-color: #{{data.[1]}}\"></span>\n                    <span style=\"background-color: #{{data.[2]}}\"></span>\n                </span>\n            {{else}}\n                {{#if data.[1]}}\n                    <span class='form-option-variant form-option-variant--color form-option-variant--color2' title=\"{{this.label}}\">\n                        <span style=\"background-color: #{{data.[0]}}\"></span>\n                        <span style=\"background-color: #{{data.[1]}}\"></span>\n                    </span>\n                {{else}}\n                    {{#if data.[0]}}\n                        <span class='form-option-variant form-option-variant--color' title=\"{{this.label}}\" style=\"background-color: #{{data.[0]}}\"></span>\n                    {{/if}}\n                {{/if}}\n            {{/if}}\n            {{#if pattern}}\n                <span class=\"form-option-expanded\">\n                    <span class=\"form-option-image\" style=\"background-image: url('{{getImage image 'core-swatch'}}');\"></span>\n                </span>\n            {{/if}}\n        </label>\n    {{/each}}\n</div>\n",
  "components/products/options/textarea": "<div class=\"form-field\" data-product-attribute=\"textarea\">\n    <label class=\"form-label form-label--inlineSmall\" for=\"attribute_textarea_{{id}}\">\n        {{display_name}}\n        {{> components/common/requireness-msg}}\n    </label>\n\n    <textarea class=\"form-input\" id=\"attribute_textarea_{{id}}\" name=\"attribute[{{id}}]\" {{#if required}}required{{/if}} {{#if max_length}}maxlength={{max_length}}{{/if}}>{{prefill}}</textarea>\n</div>\n",
  "components/products/price-range": "{{#and price.retail_price_range.min.with_tax price.retail_price_range.max.with_tax}}\n    <div class=\"price-section price-section--withTax rrp-price--withTax\">\n        {{theme_settings.pdp-retail-price-label}}\n        <span data-product-rrp-price-with-tax class=\"price price--rrp\">{{price.retail_price_range.min.with_tax.formatted}} - {{price.retail_price_range.max.with_tax.formatted}}</span>\n    </div>\n{{else}}\n    {{#if price.with_tax}}\n        <div class=\"price-section price-section--withTax rrp-price--withTax\" style=\"display: none;\">\n            {{theme_settings.pdp-retail-price-label}}\n            <span data-product-rrp-with-tax class=\"price price--rrp\">\n                {{price.rrp_with_tax.formatted}}\n            </span>\n        </div>\n    {{/if}}\n{{/and}}\n{{#and price.price_range.min.with_tax price.price_range.max.with_tax}}\n    {{!-- Never display the \"non-sales price\" if there is a price range to be shown, but we do want the element on the page --}}\n    <div class=\"price-section price-section--withTax non-sale-price--withTax price-none\" style=\"display: none;\">\n        {{theme_settings.pdp-non-sale-price-label}}\n        <span data-product-non-sale-price-with-tax class=\"price price--non-sale\">\n            {{price.non_sale_price_with_tax.formatted}}\n        </span>\n    </div>\n    <div class=\"price-section price-section--withTax\" {{#if schema_org}}itemprop=\"offers\" itemscope itemtype=\"http://schema.org/Offer\"{{/if}}>\n        <span class=\"price-label\">{{theme_settings.pdp-price-label}}</span>\n        <span class=\"price-now-label\" style=\"display: none;\">{{theme_settings.pdp-sale-price-label}}</span>\n        <span data-product-price-with-tax class=\"price price--withTax\">{{price.price_range.min.with_tax.formatted}} - {{price.price_range.max.with_tax.formatted}}</span>\n        {{#and price.price_range.min.without_tax price.price_range.max.without_tax}}\n            <abbr title=\"{{lang 'products.including_tax'}}\">{{lang 'products.price_with_tax' tax_label=price.price_range.min.tax_label}}</abbr>\n        {{/and}}\n        {{#if schema_org}}\n            <meta itemprop=\"availability\" itemtype=\"http://schema.org/ItemAvailability\"\n                    content=\"http://schema.org/{{#if product.pre_order}}PreOrder{{else if product.out_of_stock}}OutOfStock{{else if product.can_purchase '===' false}}OutOfStock{{else}}InStock{{/if}}\">\n            <meta itemprop=\"itemCondition\" itemtype=\"http://schema.org/OfferItemCondition\" content=\"http://schema.org/{{product.condition}}Condition\">\n            <meta itemprop=\"priceCurrency\" content=\"{{currency_selector.active_currency_code}}\">\n            <meta itemprop=\"url\" content=\"{{product.url}}\">\n            <div itemprop=\"priceSpecification\" itemscope itemtype=\"http://schema.org/PriceSpecification\">\n                <meta itemprop=\"minPrice\" content=\"{{price_range.min.with_tax.value}}\"  />\n                <meta itemprop=\"price\" content=\"{{price_range.min.with_tax.value}}\">\n                <meta itemprop=\"maxPrice\" content=\"{{price_range.max.with_tax.value}}\"  />\n                <meta itemprop=\"priceCurrency\" content=\"{{currency_selector.active_currency_code}}\">\n                <meta itemprop=\"valueAddedTaxIncluded\" content=\"true\">\n            </div>\n        {{/if}}\n    </div>\n{{/and}}\n{{#and price.retail_price_range.min.without_tax price.retail_price_range.max.without_tax}}\n    <div class=\"price-section price-section--withoutTax rrp-price--withoutTax{{#if price.with_tax}} price-section--minor{{/if}}\">\n        {{theme_settings.pdp-retail-price-label}}\n        <span data-product-rrp-price-without-tax class=\"price price--rrp\">{{price.retail_price_range.min.without_tax.formatted}} - {{price.retail_price_range.max.without_tax.formatted}}</span>\n    </div>\n{{else}}\n    {{#if price.without_tax}}\n        <div class=\"price-section price-section--withoutTax rrp-price--withoutTax{{#if price.with_tax}} price-section--minor{{/if}}\" style=\"display: none;\">\n            {{theme_settings.pdp-retail-price-label}}\n            <span data-product-rrp-price-without-tax class=\"price price--rrp\">\n                {{price.rrp_without_tax.formatted}}\n            </span>\n        </div>\n    {{/if}}\n{{/and}}\n{{#and price.price_range.min.without_tax price.price_range.max.without_tax}}\n    {{!-- Never display the \"non-sales price\" if there is a price range to be shown, but we do want the element on the page --}}\n    <div class=\"price-section price-section--withoutTax non-sale-price--withoutTax{{#if price.with_tax}} price-section--minor{{/if}} price-none\" style=\"display: none;\">\n        {{theme_settings.pdp-non-sale-price-label}}\n        <span data-product-non-sale-price-without-tax class=\"price price--non-sale\">\n            {{price.non_sale_price_without_tax.formatted}}\n        </span>\n    </div>\n    <div class=\"price-section price-section--withoutTax{{#and price_range.min.with_tax price_range.max.with_tax}} price-section--minor{{/and}}\" {{#if schema_org}}itemprop=\"offers\" itemscope itemtype=\"http://schema.org/Offer\"{{/if}}>\n        <span class=\"price-label\">{{theme_settings.pdp-price-label}}</span>\n        <span class=\"price-now-label\" style=\"display: none;\">{{theme_settings.pdp-sale-price-label}}</span>\n        <span data-product-price-without-tax class=\"price price--withoutTax\">{{price.price_range.min.without_tax.formatted}} - {{price.price_range.max.without_tax.formatted}}</span>\n        {{#and price.price_range.min.with_tax price.price_range.max.with_tax}}\n            <abbr title=\"{{lang 'products.excluding_tax'}}\">{{lang 'products.price_without_tax' tax_label=price.price_range.min.tax_label}}</abbr>\n        {{/and}}\n        {{#if schema_org}}\n            <meta itemprop=\"availability\" itemtype=\"http://schema.org/ItemAvailability\"\n                    content=\"http://schema.org/{{#if product.pre_order}}PreOrder{{else if product.out_of_stock}}OutOfStock{{else if product.can_purchase '===' false}}OutOfStock{{else}}InStock{{/if}}\">\n            <meta itemprop=\"itemCondition\" itemtype=\"http://schema.org/OfferItemCondition\" content=\"http://schema.org/{{product.condition}}Condition\">\n            <meta itemprop=\"priceCurrency\" content=\"{{currency_selector.active_currency_code}}\">\n            <meta itemprop=\"url\" content=\"{{product.url}}\">\n            <div itemprop=\"priceSpecification\" itemscope itemtype=\"http://schema.org/PriceSpecification\">\n                <meta itemprop=\"minPrice\" content=\"{{price.price_range.min.without_tax.value}}\"  />\n                <meta itemprop=\"price\" content=\"{{price.price_range.min.without_tax.value}}\">\n                <meta itemprop=\"maxPrice\" content=\"{{price.price_range.max.without_tax.value}}\"  />\n                <meta itemprop=\"priceCurrency\" content=\"{{currency_selector.active_currency_code}}\">\n                <meta itemprop=\"valueAddedTaxIncluded\" content=\"false\">\n            </div>\n        {{/if}}\n    </div>\n{{/and}}\n\n{{!-- Never display the \"saving price\" element by default if there is a price range on the page to be shown --}}\n{{#if page_type '===' 'product'}}\n     <div class=\"price-section price-section--saving price\" style=\"display: none;\">\n            <span class=\"price\">{{lang 'products.you_save_opening_text'}}</span>\n            <span data-product-price-saved class=\"price price--saving\">\n                {{price.saved.formatted}}\n            </span>\n            <span class=\"price\">{{lang 'products.you_save_closing_bracket'}}</span>\n     </div>\n{{/if}}\n",
  "components/common/requireness-msg": "<small>\n    {{#if required}}*{{else}}{{lang 'common.optional'}}{{/if}}\n</small>\n"
}