{
  "en-ca": "{\n    \"header\": {\n        \"welcome_back\": \"Good day, {name}\",\n        \"sign_out\": \"Sign Out\"\n    }\n}\n",
  "en": "{\r\n    \"header\": {\r\n        \"welcome_back\": \"Welcome back, {name}\",\r\n        \"skip_to_main\": \"Skip to main content\"\r\n    },\r\n    \"footer\": {\r\n        \"title\": \"Footer Start\",\r\n        \"brands\": \"Popular Brands\",\r\n        \"navigate\": \"Navigate\",\r\n        \"info\": \"Info\",\r\n        \"categories\": \"Categories\",\r\n        \"call_us\": \"Phone\",\r\n        \"email\": \"E-mail\",\r\n        \"hour\": \"Hours\",\r\n        \"address\": \"Address\",\r\n        \"paypal\": \"Paypal\",\r\n        \"powered_by\": \"Powered by\"\r\n    },\r\n    \"home\": {\r\n        \"heading\": \"Home\"\r\n    },\r\n    \"blog\": {\r\n        \"recent_posts\": \"Recent Posts\",\r\n        \"label\": \"Blog\",\r\n        \"posted_by\": \"Posted by {name}\",\r\n        \"read_more\": \"read more\",\r\n        \"tags\": \"Tags:\"\r\n    },\r\n    \"unavailable\": {\r\n        \"hibernation_title\": \"We'll be back\",\r\n        \"hibernation_message\": \"Thanks for visiting. Our store is currently unavailable. We apologize for any inconvenience caused.\",\r\n        \"maintenance_title\": \"Down for Maintenance\",\r\n        \"maintenance_message\": \"This store is currently unavailable due to maintenance. It should be available again shortly. We apologize for any inconvenience caused.\"\r\n    },\r\n    \"brands\": {\r\n        \"no_products\": \"There are no products listed under this brand.\",\r\n        \"heading\": \"Brands\"\r\n    },\r\n    \"categories\": {\r\n        \"no_products\": \" \",\r\n        \"heading\": \"Categories\"\r\n    },\r\n    \"search_results\": {\r\n        \"no_products\": \"There are no products listed for\",\r\n        \"no_results\": \"There are no results for\"\r\n    },\r\n    \"checkout\": {\r\n        \"title\": \"Checkout\"\r\n    },\r\n    \"cart\": {\r\n        \"cart_preview\": \"Review your cart\",\r\n        \"nav_aria_label\": \"Cart with 0 items\",\r\n        \"continue_shopping\": \"Click here to continue shopping\",\r\n        \"items\": \"{NUM, plural, =0{(0 items)} one {# item} other {# items}}\",\r\n        \"checkout\": {\r\n            \"address\": {\r\n                \"multiple\": \"check out with multiple addresses\",\r\n                \"or\": \"or\"\r\n            },\r\n            \"button\": \"Check out\",\r\n            \"empty_cart\": \"Your cart is empty\",\r\n            \"title\": \"Click here to proceed to checkout\",\r\n            \"item\": \"Product(s)\",\r\n            \"price\": \"Price\",\r\n            \"unit_price\": \"Unit Price\",\r\n            \"quantity\": \"Quantity\",\r\n            \"total\": \"Total\",\r\n            \"change\": \"Change\",\r\n            \"subtotal\": \"Subtotal\",\r\n            \"enter_code\": \"Coupon code / Gift certificate\",\r\n            \"gift_wrapping\": \"Gift wrapping\",\r\n            \"shipping\": \"Shipping\",\r\n            \"grand_total\": \"Grand total\",\r\n            \"select\": \"Select\",\r\n            \"update\": \"Update shipping cost\",\r\n            \"remove\": \"Remove\",\r\n            \"add_more\": \"Add more\"\r\n        },\r\n        \"preview\": {\r\n            \"checkout_now\": \"Check out now\",\r\n            \"checkout_multiple\": \"or check out with multiple addresses\",\r\n            \"view_cart\": \"View Bag\"\r\n        },\r\n        \"label\": \"Your Cart\",\r\n        \"label2\": \"{quantity, plural, one {# item} other {# items}}\",\r\n        \"is_empty\": \"Your cart is empty\",\r\n        \"coupon_code\": \"Coupon Code\",\r\n        \"discount\": \"Discount\",\r\n        \"gift_certificate\": \"Gift Certificate\",\r\n        \"remove_file\": \"Remove this file\",\r\n        \"freeshipping\": \"Free Shipping\",\r\n        \"reconfigure_product\": \"Configure '{name}'\",\r\n        \"edit_product\": \"Edit '{name}'\",\r\n        \"shipping_peritem\": \"Per Item Shipping\",\r\n        \"remove_item\": \"Remove item from cart\",\r\n        \"confirm_delete\": \"Are you sure you want to delete this item?\",\r\n        \"minutes\": \"minutes\",\r\n        \"coupons\": {\r\n            \"empty_error\": \"Please enter your coupon code.\",\r\n            \"cancel\": \"Cancel\",\r\n            \"add_code\": \"Add code\",\r\n            \"add_coupon\": \"Add Coupon\",\r\n            \"button\": \"Apply\",\r\n            \"coupon_code\": \"Enter your coupon code\",\r\n            \"code_label\": \"Coupon ({code})\",\r\n            \"remove\": \"Remove\"\r\n        },\r\n        \"gift_certificates\": {\r\n            \"add_cert_code\": \"Add Certificate\",\r\n            \"gift_certificate\": \"Gift Certificate\",\r\n            \"code_label\": \"Gift Certificate ({code})\",\r\n            \"cert_code\": \"Enter your certificate code\",\r\n            \"empty_error\": \"Please enter your valid certificate code.\",\r\n            \"remove\": \"Remove\"\r\n        },\r\n        \"shipping_estimator\": {\r\n            \"add_info\": \"Add Info\",\r\n            \"cancel\": \"Cancel\",\r\n            \"select_a_country\": \"Country\",\r\n            \"select_a_state\": \"State/province\",\r\n            \"estimate_shipping\": \"Estimate Shipping\",\r\n            \"suburb_city\": \"Suburb/city\",\r\n            \"zip_postal_code\": \"Zip/postcode\",\r\n            \"free_shipping\": \"Free shipping\",\r\n            \"hide_ups_rates\": \"Hide UPS Rates\",\r\n            \"show_ups_rates\": \"Show UPS Rates\"\r\n        },\r\n        \"gift_wrapping\": {\r\n            \"title\": \"Gift Wrapping\",\r\n            \"add\": \"Add\",\r\n            \"change\": \"Change\",\r\n            \"remove\": \"Remove\",\r\n            \"choose_how\": \"Please choose how you'd like to have this item gift wrapped.\",\r\n            \"option_same\": \"I'd like to wrap each of this item using the same wrapping options\",\r\n            \"item_single\": \"Gift wrapping - {name}\",\r\n            \"item_multiple\": \"Item {index} - {name}\",\r\n            \"option_different\": \"I'd like to gift wrap each item separately\",\r\n            \"choose_type\": \"Please choose a type of gift wrapping\",\r\n            \"gift_message\": \"Gift Message\",\r\n            \"remove_confirm\": \"Are you sure you want to remove the gift wrapping from this item?\",\r\n            \"preview\": \"Preview\"\r\n        },\r\n        \"added_to_cart\": {\r\n            \"what_next\": \"Ok, {num_products, plural, one {1 item was} other {# items were}} added to your cart. What's next?\",\r\n            \"your_cart_contains\": \"Your cart contains {num_products, plural, one {1 item} other {# items}}\",\r\n            \"proceed_to_checkout\": \"Proceed to checkout\",\r\n            \"order_subtotal\": \"Order subtotal\",\r\n            \"continue_shopping\": \"Continue Shopping\",\r\n            \"view_or_edit_cart\": \"View or edit your cart\",\r\n            \"you_might_also_like\": \"You may also like\"\r\n        }\r\n    },\r\n    \"common\": {\r\n        \"store_credit\": \"You have <strong>{store_credit}</strong> of store credit. To use it, simply place your order and you will be able to choose store credit as the payment method when it comes time to pay for your order.\",\r\n        \"store_credit_overview\": \"{credit} Store Credit\",\r\n        \"generic_error\": \"Oops! Something went wrong.\",\r\n        \"currency\": \"{code}\",\r\n        \"currency_switch_promotion\" : \"Promotions and gift certificates that don't apply to the new currency will be removed from your cart. Are you sure you want to continue?\",\r\n        \"newsletter_signup\": \"Register for our newsletter\",\r\n        \"form_submit\": \"Submit\",\r\n        \"no_preference\": \"No Preference\",\r\n        \"other_details\": \"Other Details\",\r\n        \"required\": \"Required\",\r\n        \"optional\": \" \",\r\n        \"insert_email_address\": \"Insert your email\",\r\n        \"email_address\": \"Email Address\",\r\n        \"email_submit\": \"Subscribe\",\r\n        \"carousel_slide_number\": \"Slide number {slide_number}\",\r\n        \"edit\": \"Edit\",\r\n        \"not_applicable\": \"N/A\",\r\n        \"no\": \"No\",\r\n        \"yes\": \"Yes\",\r\n        \"from\": \"From\",\r\n        \"to\": \"to\",\r\n        \"cancel\": \"Cancel\",\r\n        \"close\": \"Close\",\r\n        \"or\": \"or\",\r\n        \"and\": \"and\",\r\n        \"compare\": \"Compare\",\r\n        \"sign_up\": \"Register\",\r\n        \"login\": \"Login\",\r\n        \"logout\": \"Sign out\",\r\n        \"account\": \"Account\",\r\n        \"cart\": \"Cart\",\r\n        \"search\": \"Search\",\r\n        \"gift_cert\": \"Gift Certificates\",\r\n        \"save\": \"Save\",\r\n        \"share\": \"Share\",\r\n        \"delete\": \"Delete\",\r\n        \"public\": \"Public\",\r\n        \"private\": \"Private\",\r\n        \"view_all\": \"View all\",\r\n        \"all\": \"All\",\r\n        \"restrict_to_login\": \"Log in for Pricing\",\r\n        \"paginator\": {\r\n            \"page_of\": \"Page {current} of {total}\"\r\n        },\r\n        \"prices_are_in\": \"Prices are in {CODE}\",\r\n        \"previous\": \"Prev\",\r\n        \"next\": \"Next\",\r\n        \"sorter\": {\r\n            \"relevance\": \"Relevance\",\r\n            \"sort_by\": \"Sort By\",\r\n            \"featured\": \"Featured Items\",\r\n            \"top_sellers\": \"Best Selling\",\r\n            \"newest\": \"Newest Items\",\r\n            \"alpha_asc\": \"A to Z\",\r\n            \"alpha_desc\": \"Z to A\",\r\n            \"reviews\": \"By Review\",\r\n            \"price_asc\": \"Price: Ascending\",\r\n            \"price_desc\": \"Price: Descending\"\r\n        },\r\n        \"loading\": \"Loading\",\r\n        \"month\": \"Month\",\r\n        \"day\": \"Day\",\r\n        \"year\": \"Year\",\r\n        \"short_months\": {\r\n            \"1\": \"Jan\",\r\n            \"2\": \"Feb\",\r\n            \"3\": \"Mar\",\r\n            \"4\": \"Apr\",\r\n            \"5\": \"May\",\r\n            \"6\": \"Jun\",\r\n            \"7\": \"Jul\",\r\n            \"8\": \"Aug\",\r\n            \"9\": \"Sep\",\r\n            \"10\": \"Oct\",\r\n            \"11\": \"Nov\",\r\n            \"12\": \"Dec\"\r\n        },\r\n        \"top\": \"Top\",\r\n        \"no_item\": \"Sorry, there are no products.\",\r\n        \"menu\": \"Menu\",\r\n        \"toggle_menu\": \"Toggle menu\",\r\n        \"view_as\": \"View As\",\r\n        \"view_grid\": \"GRID\",\r\n        \"view_list\": \"LIST\",\r\n        \"show_products\": \"items per page\",\r\n        \"show_products_label\": \"Show\",\r\n        \"sidebar\": \"Sidebar\",\r\n        \"no_more_products\": \"No more products\"\r\n    },\r\n    \"compare\": {\r\n        \"no_compare\": \"There are no products are compared under this screen size.\",\r\n        \"heading_1\": \"Product\",\r\n        \"heading_2\": \"Description\",\r\n        \"heading_3\": \"Rating\",\r\n        \"heading_4\": \"Availability\",\r\n        \"heading_5\": \"Other Details\",\r\n        \"no_review\": \"No Reviews\",\r\n        \"button\": \"Compare Products\",\r\n        \"header\": \"Comparing {products, plural, one {# Product} other {# Products}}\",\r\n        \"remove\": \"Remove\",\r\n        \"no_remove\": \"At least 2 products are needed to make a valid comparison.\",\r\n        \"add_to_cart\": \"Add to bag\"\r\n    },\r\n    \"category\": {\r\n        \"label\": \"Categories\",\r\n        \"shop_by_price\": \"Shop By Price\",\r\n        \"shop_by_price_range_aria\": \"Price range from {from} to {to}\",\r\n        \"add_cart_announcement\": \"The item has been added\",\r\n        \"reset\": \"Reset\",\r\n        \"filter_reset_announcement\": \"The filter has been reset\",\r\n        \"view_all\": {\r\n            \"name\": \"All {category}\"\r\n        }\r\n    },\r\n    \"brand\": {\r\n        \"label\": \"Brands\",\r\n        \"view_brands\": \"View all brands\"\r\n    },\r\n    \"gift_certificate\": {\r\n        \"heading\": \"Gift Certificates\",\r\n        \"purchase\": {\r\n            \"heading\": \"Purchase Gift Certificate\"\r\n        },\r\n        \"redeem\": {\r\n            \"heading\": \"Redeem Gift Certificate\",\r\n            \"intro\": \"To redeem a gift certificate at {store_name}, follow the simple steps below.\",\r\n            \"item1\": \"You need your unique gift certificate code, which is part of the gift certificate that was emailed to you as an attachment. It will look something like Z50-Y6K-COS-402.\",\r\n            \"item2\": \"Browse the store and add items to your cart as you normally would.\",\r\n            \"item3\": \"Click the '<a href=\\\"{cart_url}\\\">View Cart</a>' link to view the contents of your shopping cart.\",\r\n            \"item4\": \"Type your gift certificate code in to the 'Redeem Gift Certificate' box and click 'Go'.\"\r\n        },\r\n        \"balance\": {\r\n            \"heading\": \"Check Gift Certificate Balance\",\r\n            \"intro\": \"You can check the balance of a gift certificate by typing the code in to the box below.\"\r\n        }\r\n    },\r\n    \"create_account\": {\r\n        \"heading\": \"New Account\",\r\n        \"created\": {\r\n            \"heading\": \"Your account has been created\",\r\n            \"intro\": \"Thank you for creating your account at {store_name}. Your account details have been emailed to <strong>{email}</strong>\",\r\n            \"continue\": \"Continue Shopping\"\r\n        }\r\n    },\r\n    \"login\": {\r\n        \"title\": \"Customer Login\",\r\n        \"heading\": \"Sign in\",\r\n        \"field_email\": \"Email address\",\r\n        \"field_password\": \"Password\",\r\n        \"submit_value\": \"Login\",\r\n        \"submit_value2\": \"Sign In\",\r\n        \"forgot_password\": \"Forgot password?\",\r\n        \"forgot_password2\": \"Forgot your password?\",\r\n        \"new_customer\": {\r\n            \"heading\": \"New Customer?\",\r\n            \"intro\": \"Create an account with us and you'll be able to:\",\r\n            \"fact1\": \"Check out faster\",\r\n            \"fact2\": \"Save multiple shipping addresses\",\r\n            \"fact3\": \"Access your order history\",\r\n            \"fact4\": \"Track new orders\",\r\n            \"fact5\": \"Save items to your Wish List\",\r\n            \"create_account\": \"Create An Account\"\r\n        }\r\n    },\r\n    \"reset_password\": {\r\n        \"heading\": \"Reset Password\",\r\n        \"intro\": \"Fill in your email below to request a new password. An email will be sent to the address below containing a link to verify your email address.\"\r\n    },\r\n    \"account\": {\r\n        \"breadcrumb\": \"Your Account\",\r\n        \"title\": \"My Account\",\r\n        \"nav\": {\r\n            \"overview\": \"Overview\",\r\n            \"orders\": \"Orders\",\r\n            \"returns\": \"Returns\",\r\n            \"messages\": \"Messages ({num_new_messages})\",\r\n            \"wishlists\": \"Wish Lists ({num_wishlists})\",\r\n            \"recently_viewed\": \"Recently Viewed\",\r\n            \"settings\": \"Account Settings\",\r\n            \"addresses\": \"Addresses\",\r\n            \"payment_methods\": \"Payment Methods\"\r\n        },\r\n        \"mobile_nav\": {\r\n            \"messages\": \"Messages\",\r\n            \"wishlists\": \"Wish Lists\"\r\n        },\r\n        \"addresses\": {\r\n            \"heading\": \"Addresses\",\r\n            \"add_heading\": \"Add New Address\",\r\n            \"primary\": \"Primary\",\r\n            \"phone\": \"Phone:\",\r\n            \"new_address\": \"New Address\",\r\n            \"no_addresses\": \"You currently have no addresses added to your profile\"\r\n        },\r\n        \"messages\": {\r\n            \"heading\": \"Messages\",\r\n            \"customer_said\": \"You said:\",\r\n            \"merchant_said\": \"{store_name} said:\"\r\n        },\r\n        \"orders\": {\r\n            \"heading\": \"Orders\",\r\n            \"none\": \"You haven't placed any orders with us. When you do, their status will appear on this page.\",\r\n            \"return\": {\r\n                \"already_returned\": \"This order contains no products that can be returned. Have you already returned all of the items within this order?\",\r\n                \"back_button\": \"Go back\",\r\n                \"order_item\": \"Item\",\r\n                \"item_price\": \"Price\",\r\n                \"quantity\": \"Qty To Return\",\r\n                \"why\": \"Why are you returning these items?\",\r\n                \"reason\": \"Return Reason\",\r\n                \"action\": \"Return Action\",\r\n                \"comments\": \"Comments\"\r\n            },\r\n            \"gift_wrapping\": \"Gift wrapping:\",\r\n            \"refunded\": \"(Refunded)\",\r\n            \"refunded_quantity\": \"({qty} refunded)\",\r\n            \"return_item\": \"Return\",\r\n            \"return_items\": \"Return Items?\",\r\n            \"order_placed\": \"Order Placed\",\r\n            \"last_update\": \"Last Update\",\r\n            \"list\": {\r\n                \"order_number\": \"Order #{number}\",\r\n                \"product_details\": \"{num_products, plural, one {1 product} other {# products}} totaling {cost}\"\r\n            },\r\n            \"details\": {\r\n                \"heading\": \"Order #{number}\",\r\n                \"order_contents\": \"Order Contents\",\r\n                \"ship_to\": \"Ship To\",\r\n                \"ship_to_multi\": \"Items shipped to {street}, {city}, {state}, {zip}, {country}\",\r\n                \"ship_to_multi_text\": \"Order will be shipped to multiple addresses\",\r\n                \"bill_to\": \"Bill To\",\r\n                \"how_to_pay\": \"Here's how to pay for your order:\",\r\n                \"order_details\": \"Order Details\",\r\n                \"order_total\": \"Order total:\",\r\n                \"order_status\": \"Order status:\",\r\n                \"payment_date\": \"Order date:\",\r\n                \"payment_method\": \"Payment method:\",\r\n                \"comments\": \"Order Comments\",\r\n                \"download_items\": \"Download Items\",\r\n                \"card_ending\": \"ending in {card}\",\r\n                \"shipments\": {\r\n                  \"date\": \"Date Shipped\",\r\n                  \"method\": \"Shipping Method\",\r\n                  \"link\": \"Tracking Link\",\r\n                  \"header\": \"Shipping Details\"\r\n                },\r\n                \"actions\": \"Actions\",\r\n                \"reorder\": \"Reorder\",\r\n                \"return\": \"Return\",\r\n                \"print_invoice\": \"Print Invoice\"\r\n            },\r\n            \"downloads\": {\r\n                \"heading\": \"Order #{number} Downloads\",\r\n                \"download_files_below\": \"Below you can download the files for\",\r\n                \"expired_content\": \"File has expired\",\r\n                \"days_remaining\": \"{number, plural, one {1 day} other {# days}}\",\r\n                \"downloads_remaining\": \"{number, plural, one {1 download} other {# downloads}} remaining\",\r\n                \"days_or_downloads\": \"or {number} downloads\",\r\n                \"remaining\": \"remaining\"\r\n            }\r\n        },\r\n        \"payment_methods\": {\r\n            \"heading\": \"Payment Methods\",\r\n            \"payment_method\": \"Payment method\",\r\n            \"billing_address\": \"Billing address\",\r\n            \"card_ending_in\": \"ending in {last_four}\",\r\n            \"card_expiry\": \"{month}/{year}\",\r\n            \"new_payment_method\": \"Add new payment method\",\r\n            \"no_methods\": \"You currently have no payment methods added to your account\",\r\n            \"name_on_card\": \"Name on Card\",\r\n            \"credit_card_number\": \"Credit Card Number\",\r\n            \"expiration\": \"Expiration\",\r\n            \"cvv\": \"CVV\",\r\n            \"card_types\": {\r\n                \"american_express\": \"American Express\",\r\n                \"credit_card\": \"Credit Card\",\r\n                \"dankort\": \"Dankort\",\r\n                \"diners\": \"Diners Club\",\r\n                \"discover\": \"Discover\",\r\n                \"jcb\": \"JCB\",\r\n                \"maestro\": \"Maestro\",\r\n                \"mastercard\": \"Mastercard\",\r\n                \"visa\": \"Visa\"\r\n            },\r\n            \"paypal\": \"PayPal\",\r\n            \"billing_address_labels\": {\r\n              \"address_line_1\": \"Address Line 1\",\r\n              \"address_line_2\": \"Address Line 2\",\r\n              \"suburb_city\": \"Suburb/City\",\r\n              \"state_province\": \"State/Province\",\r\n              \"choose_state\": \"Choose a State\",\r\n              \"country\": \"Country\",\r\n              \"choose_country\": \"Choose a Country\",\r\n              \"zip_postcode\": \"Zip/Postcode\"\r\n            }\r\n        },\r\n        \"returns\": {\r\n            \"heading\": \"Returns\",\r\n            \"instructions\": \"Return Instructions\",\r\n            \"error_no_qty\": \"Please select one or more items to return.\",\r\n            \"none\": \"You haven't placed any returns with us. When you do, they will appear on this page.\",\r\n            \"new_return\": \"New Return\",\r\n            \"from_order\": \"Return Items from Order #{id}\",\r\n            \"date_requested\": \"Return Requested\",\r\n            \"successful_heading\": \"Return Request Submitted\",\r\n            \"successful\": \"Your return was submitted successfully. We'll respond as soon as we can.\",\r\n            \"return\": \"Return to Orders\",\r\n            \"last_update\": \"Last Update\",\r\n            \"reason\": \"Return Reason\",\r\n            \"action\": \"Return Action\",\r\n            \"comments\": \"Your Comments\",\r\n            \"list\": {\r\n                \"return_number\": \"Return #{id}\",\r\n                \"product_details\": \"Returning {num_products}\"\r\n            },\r\n            \"status\": {\r\n                \"pending\": \"Pending\",\r\n                \"received\": \"Received\",\r\n                \"authorized\": \"Authorized\",\r\n                \"repaired\": \"Repaired\",\r\n                \"refunded\": \"Refunded\",\r\n                \"rejected\": \"Rejected\",\r\n                \"cancelled\": \"Cancelled\"\r\n            }\r\n        },\r\n        \"settings\": {\r\n            \"heading\": \"Account Settings\",\r\n            \"first_name\": \"First Name\",\r\n            \"last_name\": \"Last Name\",\r\n            \"email\": \"Email Address\",\r\n            \"company\": \"Company\",\r\n            \"phone\": \"Phone Number\",\r\n            \"old_password\": \"Old Password\",\r\n            \"new_password\": \"New Password\",\r\n            \"confirm_password\": \"Confirm Password\",\r\n            \"update_details\": \"Update Details\"\r\n        },\r\n        \"recent_items\": {\r\n            \"heading\" : \"Recently Viewed\",\r\n            \"no_items\": \"The items you've recently looked at on our site will appear below.\"\r\n        },\r\n        \"wishlists\": {\r\n            \"heading\": \"Wish Lists\",\r\n            \"tag_line\": \"Fill in the form below to create a new Wish List. Click the \\\"Create Wish List\\\" button when you're done.\",\r\n            \"new\": \"New Wish List\",\r\n            \"you_have_none\": \"You have no Wish Lists, add one now.\",\r\n            \"empty_wishlist\": \"Your Wish List is empty. When you add items to your Wish List they will appear here.\",\r\n            \"num_items\": \"Items\",\r\n            \"add_item\": \"Wish List\",\r\n            \"remove_item\": \"Remove Item\",\r\n            \"name\": \"Wish List Name\",\r\n            \"shared\": \"Shared\",\r\n            \"action\": \"Action\",\r\n            \"add\": \"Add Wish List\",\r\n            \"delete_all\": \"Delete All\",\r\n            \"edit\": \"Edit Wish List\",\r\n            \"view_heading\": \"Wish List: {name}\",\r\n            \"share_intro\": \"Share this Wish List with friends:\",\r\n            \"num_products\": \"{num_products, plural, one {1 product} other {# products}}\",\r\n            \"create\": \"Create Wish List\",\r\n            \"save\": \"Save Wish List\",\r\n            \"delete_alert\": \"Are you sure you want to delete your Wish List(s)? This action cannot be undone.\",\r\n            \"create_new\": \"Create New Wish List\",\r\n            \"add_to_default\": \"Add to My Wish List\"\r\n        }\r\n    },\r\n    \"page\": {\r\n        \"label\": \"Quick Links\",\r\n        \"rss\": {\r\n            \"intro\": \"RSS feeds are used for syndicating regularly changing content on a web site, including this one. You can open an RSS feed using an RSS reader and use it to see if there is any new content on this site or you can set up a server-side script to parse the feed and display it on your web site.\",\r\n            \"heading\": \"RSS Syndication\",\r\n            \"blog\": {\r\n                \"heading\": \"Recent Blog Posts\",\r\n                \"intro\": \"The recent post feed contains the latest {limit} blog posts published on {store}.\",\r\n                \"rss\": \"Latest {limit} Blog Posts (RSS)\",\r\n                \"rss_atom\": \"Latest {limit} Blog Posts (Atom)\"\r\n            },\r\n            \"products\": {\r\n                \"new\": {\r\n                    \"heading\": \"New Products\",\r\n                    \"intro\": \"The latest products feed contains the latest {limit} products added to {store}.\",\r\n                    \"rss\": \"Latest {limit} New Products (RSS)\",\r\n                    \"rss_atom\": \"Latest {limit} New Products (Atom)\"\r\n                },\r\n                \"popular\": {\r\n                    \"heading\": \"Popular Products\",\r\n                    \"intro\": \"The popular products feed contains the top {limit} most popular products on {store} as rated by users.\",\r\n                    \"rss\": \"Latest {limit} Popular Products (RSS)\",\r\n                    \"rss_atom\": \"Latest {limit} Popular Products (Atom)\"\r\n                },\r\n                \"featured\": {\r\n                    \"heading\": \"Featured Products\",\r\n                    \"intro\": \"The featured products feed contains the latest {limit} featured products on {store}.\",\r\n                    \"rss\": \"Latest {limit} Featured Products (RSS)\",\r\n                    \"rss_atom\": \"Latest {limit} Featured Products (Atom)\"\r\n                }\r\n            },\r\n            \"search\": {\r\n                \"heading\": \"Product Searches\",\r\n                \"intro1\": \"Product search feeds allow you to save your custom product searches as syndication feed that will always update when there are new results.\",\r\n                \"intro2\": \"To create a product search feed, perform a standard search on {store} and at the bottom of the page click on one of the syndication options.\"\r\n            }\r\n        }\r\n    },\r\n    \"forms\": {\r\n        \"range\": \"You need to enter numbers only between: {limitTo} and {limitFrom}\",\r\n        \"contact_us\": {\r\n            \"full_name\": \"Full Name\",\r\n            \"email\": \"Email Address\",\r\n            \"company\": \"Company Name\",\r\n            \"phone\": \"Phone Number\",\r\n            \"order\": \"Order Number\",\r\n            \"rma\": \"RMA Number\",\r\n            \"question\": \"Comments/Questions\",\r\n            \"submit\": \"Submit Form\",\r\n            \"successful\": \"We've received your feedback and will respond shortly if required. <a href=\\\"{shopPath}\\\">Continue</a>.\"\r\n        },\r\n        \"create_account\": {\r\n            \"submit_value\": \"Create Account\"\r\n        },\r\n        \"new_password\": {\r\n            \"heading\": \"Change Password\",\r\n            \"password\": \"New Password\",\r\n            \"password2\": \"Confirm Password\",\r\n            \"submit_value\": \"Continue\"\r\n        },\r\n        \"address\": {\r\n            \"add\": {\r\n                \"heading\": \"Add New Address\",\r\n                \"description\": \"Use the form below to change any/all details of your shipping address. Click the 'Save Address' button when you are done.\"\r\n            },\r\n            \"edit\": {\r\n                \"heading\": \"Update Address\"\r\n\r\n            },\r\n            \"confirm_delete\": \"Are you sure you want to delete this address?\",\r\n            \"submit_value\": \"Save Address\"\r\n        },\r\n        \"payment_methods\": {\r\n            \"add\": {\r\n                \"heading\": \"Add Payment Method\"\r\n            },\r\n            \"edit\": {\r\n                \"heading\": \"Update Payment Method\"\r\n            },\r\n            \"confirm_delete\": \"Are you sure you want to delete this payment method?\",\r\n            \"submit_value\": \"Save Payment Method\",\r\n            \"first_name\": \"First Name\",\r\n            \"last_name\": \"Last Name\",\r\n            \"company\": \"Company Name\",\r\n            \"phone\": \"Phone Number\",\r\n            \"address1\": \"Address Line 1\",\r\n            \"address2\": \"Address Line 2\",\r\n            \"city\": \"Suburb/City\",\r\n            \"country\": \"Country\",\r\n            \"state\": \"State/Province\",\r\n            \"postal_code\": \"Zip/Postcode\",\r\n            \"choose_country\": \"Choose a Country\",\r\n            \"default_instrument\": \"Default Payment Method\"\r\n        },\r\n        \"gift_certificate\": {\r\n            \"purchase\": {\r\n                \"to_name\": \"Recipient's Name\",\r\n                \"to_email\": \"Recipient's Email\",\r\n                \"from_name\": \"Your Name\",\r\n                \"from_email\": \"Your Email\",\r\n                \"message\": \"Optional Message\",\r\n                \"amount\": \"Amount\",\r\n                \"theme\": \"Gift Certificate Theme\",\r\n                \"custom_range\": \"(Value must be between {min} and {max})\",\r\n                \"agree\": \"I understand that Gift Certificates expire after {days, plural, one {1 day} other {# days}}\",\r\n                \"agree2\": \"I agree that Gift Certificates are nonrefundable\",\r\n                \"preview\": \"Preview\",\r\n                \"preview_error\": \"There was a problem loading the preview. Please try again later.\",\r\n                \"submit_value\": \"Add Gift Certificate to Cart\"\r\n            },\r\n            \"balance\": {\r\n                \"code\": \"Gift Certificate Code\",\r\n                \"submit_value\": \"Check Balance\"\r\n            }\r\n        },\r\n        \"inbox\": {\r\n            \"order\": \"Order:\",\r\n            \"order_display\": \"Order #{id} - Placed on {date} for {total}\",\r\n            \"subject\": \"Subject\",\r\n            \"message\": \"Message\",\r\n            \"submit_value\": \"Send Message\",\r\n            \"send_message\": \"Send a Message\",\r\n            \"clear_value\": \"Clear\",\r\n            \"no_orders\": \"Once you place an order you'll have full access to send messages from this page.\"\r\n        },\r\n        \"search\": {\r\n            \"query\": \"Search Keyword\",\r\n            \"show\": \"Show Search Form\",\r\n            \"hide\": \"Hide Search Form\",\r\n            \"title\": \"Advanced Search\",\r\n            \"price_range\": \"Price Range\",\r\n            \"by_price\": \"Search By Price\",\r\n            \"by_setting\": \"Search By Setting\",\r\n            \"search\": \"Search\",\r\n            \"free_shipping\": {\r\n                \"title\": \"Free Shipping\",\r\n                \"free\": \"Only Free Shipping\",\r\n                \"paid\": \"Only Paid Shipping\"\r\n            },\r\n            \"featured_products\": {\r\n                \"title\": \"Featured Products\",\r\n                \"enabled\": \"Only Featured Products\",\r\n                \"disabled\": \"Only Non-Featured Products\"\r\n            },\r\n            \"categories\": \"Categories\",\r\n            \"did_you_mean\": \"Did you mean:\",\r\n            \"your_search_for\": \"Your search for\",\r\n            \"no_match\": \"did not match any products or information.\",\r\n            \"suggestions\": {\r\n                \"title\": \"Suggestions:\",\r\n                \"line1\": \"Make sure all words are spelled correctly.\",\r\n                \"line2\": \"Try different keywords.\",\r\n                \"line3\": \"Try more general keywords.\"\r\n            },\r\n            \"refine\": \"Refine Search\",\r\n            \"brand\": \"Brands\",\r\n            \"searchsubs\": \"Automatically search sub categories\"\r\n        },\r\n        \"wishlist\": {\r\n            \"name\": \"Wish List Name:\",\r\n            \"public\": \"Share Wish List?\"\r\n        },\r\n        \"validate\": {\r\n            \"account\": {\r\n                \"edit\": {\r\n                    \"password\": \"You must enter your current password.\",\r\n                    \"first_name\": \"You must enter a first name.\",\r\n                    \"last_name\": \"You must enter a last name.\",\r\n                    \"phone\": \"You must enter a phone number.\"\r\n                },\r\n                \"reorder\": {\r\n                    \"select_item\": \"Please select one or more items to reorder.\"\r\n                },\r\n                \"inbox\": {\r\n                    \"order\": \"You must select an order.\",\r\n                    \"subject\": \"You must enter a subject.\",\r\n                    \"message\": \"You must enter a message.\"\r\n                }\r\n            },\r\n            \"common\": {\r\n                \"name\": \"You must enter your name.\",\r\n                \"password\": \"You must enter a password.\",\r\n                \"password_match\": \"Your passwords do not match.\",\r\n                \"email_address\": \"Please use a valid email address, such as user@example.com.\"\r\n            },\r\n            \"contact\": {\r\n                \"email_address\": \"Please use a valid email address, such as user@example.com.\",\r\n                \"question\": \"You must enter your question.\"\r\n            },\r\n            \"gift\": {\r\n                \"to_name\": \"You must enter a valid recipient name.\",\r\n                \"to_email\": \"You must enter a valid recipient email.\",\r\n                \"from_name\": \"You must enter your name.\",\r\n                \"from_email\": \"You must enter a valid email.\",\r\n                \"cert_theme\": \"You must select a gift certificate theme.\",\r\n                \"agree_terms\": \"You must agree to these terms.\"\r\n            },\r\n            \"payment_method\": {\r\n                \"credit_card_number\": \"You must enter a valid credit card number.\",\r\n                \"expiration\": \"You must enter a valid expiration date.\",\r\n                \"name_on_card\": \"You must enter a name.\",\r\n                \"cvv\": \"You must enter a valid cvv.\"\r\n            },\r\n            \"reviews\": {\r\n                \"rating\": \"The 'Rating' field cannot be blank.\",\r\n                \"title\": \"The 'Review Subject' field cannot be blank.\",\r\n                \"comment\": \"The 'Comments' field cannot be blank.\"\r\n            }\r\n        }\r\n    },\r\n    \"products\": {\r\n        \"new_label\": \"New\",\r\n        \"sale_label\": \"-\",\r\n        \"sold_out_label\": \"Sold out\",\r\n        \"current_stock\": \"Current Stock:\",\r\n        \"quantity\": \"Quantity:\",\r\n        \"quantity_decrease\": \"Decrease Quantity:\",\r\n        \"quantity_increase\": \"Increase Quantity:\",\r\n        \"purchase_units\": \"{quantity, plural, =0{0 units} one {# unit} other {# units}}\",\r\n        \"max_purchase_quantity\": \"Maximum Purchase:\",\r\n        \"min_purchase_quantity\": \"Minimum Purchase:\",\r\n        \"related_products\": \"Related Products\",\r\n        \"top\": \"Most Popular Products\",\r\n        \"similar_by_views\": \"Customers Also Viewed\",\r\n        \"featured\": \"Featured Products\",\r\n        \"file_option_set\": \"Currently: <a href=\\\"{url}\\\" target=\\\"_blank\\\">{name}</a>\",\r\n        \"new\": \"New Products\",\r\n        \"warranty\": \"Warranty Information\",\r\n        \"custom_fields\": \"Additional Information\",\r\n        \"shipping_tab\": \"Shipping + Returns\",\r\n        \"custom_tab\": \"Custom Tab\",\r\n        \"stock_hurry_up\": \"Hurry! Only \",\r\n        \"stock_left\": \" left\",\r\n        \"size_chart\": \"Size Guide\",\r\n        \"zoom\": \"Zoom the image with the mouse\",\r\n        \"read_more\": \"Read more\",\r\n        \"read_less\": \"Read less\",\r\n        \"reviews\": {\r\n            \"hide\": \"Hide Reviews\",\r\n            \"new\": \"Write a Review\",\r\n            \"show\": \"Show Reviews\",\r\n            \"header\": \"Customer Reviews\",\r\n            \"link_to_review\": \"{total, plural, =0{No reviews yet} one {# review} other {# reviews}}\",\r\n            \"post_on_by\": \"Posted by { name } on { date }\",\r\n            \"rating_label\": \"Rating\",\r\n            \"select_rating\": \"Select Rating\",\r\n            \"anonymous_poster\": \"Unknown\",\r\n            \"rating_aria_label\": \"Product rating is {current_rating} of {max_rating}\",\r\n            \"rating\": {\r\n                \"1\": \"1 star (worst)\",\r\n                \"2\": \"2 stars\",\r\n                \"3\": \"3 stars (average)\",\r\n                \"4\": \"4 stars\",\r\n                \"5\": \"5 stars (best)\"\r\n            },\r\n            \"write_a_review\": \"Write a Review\",\r\n            \"write_a_review_text\": \"This product hasn't received any reviews yet. Be the first to review this product!\",\r\n            \"form_write\": {\r\n                \"name\": \"Name\",\r\n                \"email\": \"Email\",\r\n                \"subject\": \"Review Subject\",\r\n                \"comments\": \"Comments\",\r\n                \"submit_value\": \"Submit Review\"\r\n            }\r\n        },\r\n        \"videos\": {\r\n            \"header\": \"Videos\",\r\n            \"hide\": \"Hide Videos\",\r\n            \"show\": \"Show Videos\"\r\n        },\r\n        \"details_link\": \"Buy Now\",\r\n        \"details_link2\": \"Details\",\r\n        \"details_link3\": \"Add\",\r\n        \"details_link4\": \"View Details\",\r\n        \"wishlist_text\": \"Add to Wishlist\",\r\n        \"add_to_cart\": \"Add to bag\",\r\n        \"quick_shop\": \"Quick Add\",\r\n        \"adding_to_cart\": \"Adding to bag…\",\r\n        \"buy_it_now\": \"Buy it now\",\r\n        \"options\": \"Options\",\r\n        \"none\": \"None\",\r\n        \"sku\": \"SKU:\",\r\n        \"upc\": \"UPC:\",\r\n        \"condition\": \"Condition:\",\r\n        \"availability\": \"Availability:\",\r\n        \"shipping\": \"Shipping:\",\r\n        \"shipping_fixed\": \"{amount} (Fixed Shipping Cost)\",\r\n        \"shipping_free\": \"Free Shipping\",\r\n        \"shipping_calculated\": \"Calculated at Checkout\",\r\n        \"sold_out\": \"Sold Out\",\r\n        \"pre_order\": \"Pre-Order Now\",\r\n        \"choose_options\": \"Choose Options\",\r\n        \"quick_view\": \"Quick view\",\r\n        \"compare\": \"Compare\",\r\n        \"max_filesize\": \"Maximum file size is\",\r\n        \"kilobytes_abbreviation\": \"KB\",\r\n        \"filetypes\": \"file types are\",\r\n        \"choose_an_option\": \"Please choose an option\",\r\n        \"select_one\": \"Please select one\",\r\n        \"description\": \"Description\",\r\n        \"price_with_tax\": \"(Inc. {tax_label})\",\r\n        \"price_without_tax\": \"(Ex. {tax_label})\",\r\n        \"including_tax\": \"Including Tax\",\r\n        \"excluding_tax\": \"Excluding Tax\",\r\n        \"weight\": \"Weight:\",\r\n        \"width\": \"Width:\",\r\n        \"height\": \"Height:\",\r\n        \"depth\": \"Depth:\",\r\n        \"measurement\": {\r\n            \"metric\": \"cm\",\r\n            \"imperial\": \"in\"\r\n        },\r\n        \"you_save_opening_text\": \"(You save\",\r\n        \"you_save_closing_bracket\": \")\",\r\n        \"gift_wrapping\": \"Gift wrapping:\",\r\n        \"gift_wrapping_available\": \"Options available\",\r\n        \"quantity_min\": \"The minimum purchasable quantity is {quantity}\",\r\n        \"quantity_max\": \"The maximum purchasable quantity is {quantity}\",\r\n        \"bulk_pricing\": {\r\n            \"title\": \"Bulk Pricing:\",\r\n            \"view\": \"Buy in bulk and save\",\r\n            \"modal_title\": \"Bulk discount rates\",\r\n            \"instructions\": \"Below are the available bulk discount rates for each individual item when you purchase a certain amount\",\r\n            \"range\": \"Buy {min} {max, plural, =0{or above} other {- #}}\",\r\n            \"percent\": \"and get {discount} off\",\r\n            \"price\": \"and get {discount} off\",\r\n            \"fixed\": \"and pay only {discount} each\"\r\n        },\r\n        \"compare_color\": \"Compare Colors\",\r\n        \"compare_color_title\": \"Compare Colors\",\r\n        \"compare_color_text\": \"Click On Thumbnails To Compare, Click And Drag Images To Reorder\",\r\n        \"bundle_title\": \"Frequently Bought Together\",\r\n        \"bundle_this_item\": \"This Item:\"\r\n    },\r\n    \"invoice\": {\r\n        \"for_order\": \"{name} Invoice for Order #{id}\",\r\n        \"phone\": \"Phone: {number}\",\r\n        \"email\": \"Email: {email}\",\r\n        \"order\": \"Order:\",\r\n        \"payment_method\": \"Payment Method:\",\r\n        \"order_date\": \"Order Date:\",\r\n        \"shipping_method\": \"Shipping Method:\",\r\n        \"order_items\": \"Order Items\",\r\n        \"qty\": \"Qty\",\r\n        \"code\": \"Code/SKU\",\r\n        \"shipping_address\": \"Shipping Address\",\r\n        \"product_name\": \"Product Name\",\r\n        \"price\": \"Price\",\r\n        \"total\": \"Total\",\r\n        \"comments\": \"Comments\"\r\n    },\r\n    \"newsletter\": {\r\n        \"subscribe\": \"Get 15% off your 1st Order\",\r\n        \"subscribe_intro\": \"Enter your email address\",\r\n        \"subscribe_intro2\": \"to get your unique discount code\",\r\n        \"subscribe_submit\": \"Subscribe\",\r\n        \"subscribe_dontshow\": \"Dont'show again\",\r\n        \"email_placeholder\": \"Email Address\",\r\n        \"subscribed_heading\": \"Thanks for Subscribing!\",\r\n        \"subscribed_heading_error\": \"Oops...\",\r\n        \"subscribed_message\": \"Thank you for joining our mailing list. You'll be sent the next issue of our newsletter shortly\",\r\n        \"unsubscribed_heading\": \"Unsubscribed!\",\r\n        \"unsubscribed_message\": \"You will no longer receive marketing emails from <b>{store_name}</b>\"\r\n    },\r\n    \"social\": {\r\n        \"connect\": \"Follow Us\"\r\n    },\r\n    \"errors\": {\r\n        \"shipping_quote_failure\": \"There was a problem retrieving your shipping quote\",\r\n        \"state_error\": \"There was a problem retrieving states/provinces\"\r\n    },\r\n    \"search\": {\r\n        \"view_all\": \"View details\",\r\n        \"errorMessage\": \"There was a problem retrieving your search results. Please try again in a few seconds, or try a different search.\",\r\n        \"quick_search\": {\r\n            \"input_label\": \"Search\",\r\n            \"input_placeholder\": \"Search here\"\r\n        },\r\n        \"results\": {\r\n            \"title\": \"Search Results\",\r\n            \"form_label\": \"Search Keyword:\",\r\n            \"form_button_text\": \"Search\",\r\n            \"count\": \"{ count, plural, one {# result} other {# results} } for '{ search_query }'\",\r\n            \"quick_count\": \"{ count, plural, one {# product result} other {# product results} } for '{ search_query }'\",\r\n            \"quick_count_live\": \"product results for\",\r\n            \"product_count\": \"Products ({count})\",\r\n            \"content_count\": \"News & Information ({count})\"\r\n        },\r\n        \"faceted\": {\r\n            \"selected\": {\r\n                \"title\": \"Refine by\",\r\n                \"rating-label\": \"Rated {rating, plural, one {# Star} other {# Stars}} Or More\",\r\n                \"no-filters\": \"No filters applied\",\r\n                \"clear-all\": \"Clear all\"\r\n            },\r\n            \"range\": {\r\n                \"update\": \"Update\",\r\n                \"min-placeholder\": \"Min.\",\r\n                \"max-placeholder\": \"Max.\"\r\n            },\r\n            \"rating\": {\r\n                \"and-up\": \"& up\"\r\n            },\r\n            \"toggleSection\": \"Toggle {title} filter section\",\r\n            \"clear\": \"Clear\",\r\n            \"more\": \"More\",\r\n            \"show-more\": \"Show More\",\r\n            \"show-less\": \"Show Less\",\r\n            \"show-filters\": \"Show Filters\",\r\n            \"hide-filters\": \"Hide Filters\",\r\n            \"browse-by\": \"Browse by\"\r\n        },\r\n        \"error\": {\r\n            \"empty_field\": \"Search field cannot be empty.\"\r\n        },\r\n        \"tabs_accesibility_hint\": \"Use left and right arrows to navigate between tabs.\"\r\n    },\r\n    \"page_not_found\": {\r\n        \"heading\": \"404\",\r\n        \"page_heading\": \"Page not found\",\r\n        \"message\": \"Uh oh, looks like the page you are looking for has moved or no longer exists.\"\r\n    },\r\n    \"server_error\": {\r\n        \"page_heading\": \"Something Went Wrong...\",\r\n        \"message\": \"Store is currently unavailable, please try again in a few minutes\"\r\n    },\r\n    \"forbidden\": {\r\n        \"heading\": \"403\",\r\n        \"page_heading\": \"Forbidden Error\",\r\n        \"if_you_were_signed_in\": \"If you were signed in,\",\r\n        \"sign_in\": \"please sign back in\",\r\n        \"to_continue\": \", to resume your work in a new session.\"\r\n    },\r\n    \"sitemap\": {\r\n        \"page_title\": \"Sitemap\",\r\n        \"show_all_link\": \"Show All\"\r\n    },\r\n    \"text_truncate\": {\r\n        \"view_more\": \"View more details\",\r\n        \"view_less\": \"Hide details\"\r\n    },\r\n    \"maintenance\": {\r\n        \"down\": \"Down for Maintenance\"\r\n    },\r\n    \"admin\": {\r\n        \"maintenance_header\": \"Your store is down for maintenance.\",\r\n        \"maintenance_tooltip\": \"Only administrators can view the store at the moment. Visit your control panel settings page to disable maintenance mode.\",\r\n        \"maintenance_showstore_link\": \"Click here to see what your visitors will see.\",\r\n        \"prelaunch_header\": \"Your storefront is private. Share your site with preview code:\",\r\n        \"page_builder_link\": \"Design this page in Page Builder\"\r\n    },\r\n    \"carousel\": {\r\n        \"arrowAriaLabel\": \"Go to slide [NUMBER] of\"\r\n    },\r\n    \"validation_messages\": {\r\n        \"valid_email\": \"You must enter a valid email.\",\r\n        \"password\": \"You must enter a password.\",\r\n        \"password_match\": \"Your passwords do not match.\",\r\n        \"invalid_password\": \"Passwords must be at least 7 characters and contain both alphabetic and numeric characters.\",\r\n        \"field_not_blank\": \" field cannot be blank.\",\r\n        \"certificate_amount\": \"You must enter a gift certificate amount.\",\r\n        \"certificate_amount_range\": \"You must enter a certificate amount between [MIN] and [MAX]\",\r\n        \"price_min_evaluation\": \"Min. price must be less than max. price.\",\r\n        \"price_max_evaluation\": \"Min. price must be less than max. price.\",\r\n        \"price_min_not_entered\": \"Min. price is required.\",\r\n        \"price_max_not_entered\": \"Max. price is required.\",\r\n        \"price_invalid_value\": \"Input must be greater than 0.\"\r\n    },\r\n    \"validation_fallback_messages\": {\r\n        \"valid_email\": \"You must enter a valid email.\",\r\n        \"password\": \"You must enter a password.\",\r\n        \"password_match\": \"Your passwords do not match.\",\r\n        \"invalid_password\": \"Passwords must be at least 7 characters and contain both alphabetic and numeric characters.\",\r\n        \"field_not_blank\": \" field cannot be blank.\",\r\n        \"certificate_amount\": \"You must enter a gift certificate amount.\",\r\n        \"certificate_amount_range\": \"You must enter a certificate amount between [MIN] and [MAX]\",\r\n        \"price_min_evaluation\": \"Min. price must be less than max. price.\",\r\n        \"price_max_evaluation\": \"Min. price must be less than max. price.\",\r\n        \"price_min_not_entered\": \"Min. price is required.\",\r\n        \"price_max_not_entered\": \"Max. price is required.\",\r\n        \"price_invalid_value\": \"Input must be greater than 0.\"\r\n    },\r\n    \"validation_default_messages\": {\r\n        \"valid_email\": \"You must enter a valid email.\",\r\n        \"password\": \"You must enter a password.\",\r\n        \"password_match\": \"Your passwords do not match.\",\r\n        \"invalid_password\": \"Passwords must be at least 7 characters and contain both alphabetic and numeric characters.\",\r\n        \"field_not_blank\": \"The field cannot be blank.\",\r\n        \"certificate_amount\": \"You must enter a gift certificate amount.\",\r\n        \"certificate_amount_range\": \"You must enter a certificate amount between [MIN] and [MAX]\",\r\n        \"price_min_evaluation\": \"Min. price must be less than max. price.\",\r\n        \"price_max_evaluation\": \"Min. price must be less than max. price.\",\r\n        \"price_min_not_entered\": \"Min. price is required.\",\r\n        \"price_max_not_entered\": \"Max. price is required.\",\r\n        \"price_invalid_value\": \"Input must be greater than 0.\"\r\n    }\r\n}\r\n",
  "fr": "{\n    \"header\": {\n        \"welcome_back\": \"Bienvenue, {name}\"\n    }\n}\n",
  "fr-ca": "{\n    \"header\": {\n        \"welcome_back\": \"Bonjour, {name}\"\n    }\n}\n"
}